data,ano,mes,bioma,tst_sem_filtro,tst_erro_3k,tst_boa,pix_sem_filtro,pix_erro_3k,pix_boa,retido_pct_erro_3k,retido_pct_boa
2001-01-01,2001,1,Mata Atlântica,29.11,29.11,30.075,429684,429684,65658,100.0,15.281
2001-02-01,2001,2,Mata Atlântica,32.001,32.001,33.197,473190,473190,159896,100.0,33.791
2001-03-01,2001,3,Mata Atlântica,29.137,29.137,30.537,347295,347295,55328,100.0,15.931
2001-04-01,2001,4,Mata Atlântica,27.849,27.849,29.43,416579,416579,103496,100.0,24.844
2001-05-01,2001,5,Mata Atlântica,27.766,27.766,29.428,426517,426517,203241,100.0,47.651
2001-06-01,2001,6,Mata Atlântica,24.197,24.197,25.501,189478,189478,28424,100.0,15.001
2001-07-01,2001,7,Mata Atlântica,24.328,24.328,25.325,457230,457230,138999,100.0,30.4
2001-08-01,2001,8,Mata Atlântica,24.606,24.606,26.346,405178,405178,65465,100.0,16.157
2001-09-01,2001,9,Mata Atlântica,28.984,28.984,30.661,429439,429439,167787,100.0,39.071
2001-10-01,2001,10,Mata Atlântica,29.266,29.266,31.823,242647,242647,46083,100.0,18.992
2001-11-01,2001,11,Mata Atlântica,30.804,30.804,32.109,396852,396852,92826,100.0,23.391
2001-12-01,2001,12,Mata Atlântica,29.289,29.289,31.271,308744,308744,48966,100.0,15.86
2002-01-01,2002,1,Mata Atlântica,27.161,27.161,29.922,167652,167652,11108,100.0,6.626
2002-02-01,2002,2,Mata Atlântica,29.021,29.021,30.071,441296,441296,147191,100.0,33.354
2002-03-01,2002,3,Mata Atlântica,27.091,27.091,28.216,271306,271306,29004,100.0,10.691
2002-04-01,2002,4,Mata Atlântica,27.398,27.398,28.18,425757,425757,98515,100.0,23.139
2002-05-01,2002,5,Mata Atlântica,26.284,26.284,27.009,453137,453137,177178,100.0,39.1
2002-06-01,2002,6,Mata Atlântica,23.708,23.708,24.643,401249,401249,71802,100.0,17.895
2002-07-01,2002,7,Mata Atlântica,24.293,24.293,25.167,419500,419500,127445,100.0,30.38
2002-08-01,2002,8,Mata Atlântica,25.275,25.275,26.881,442079,442079,115830,100.0,26.201
2002-09-01,2002,9,Mata Atlântica,27.531,27.531,29.822,385661,385661,82053,100.0,21.276
2002-10-01,2002,10,Mata Atlântica,31.297,31.297,33.942,358744,358744,91839,100.0,25.6
2002-11-01,2002,11,Mata Atlântica,31.945,31.945,33.54,394869,394869,76592,100.0,19.397
2002-12-01,2002,12,Mata Atlântica,32.559,32.559,33.763,354513,354513,129882,100.0,36.637
2003-01-01,2003,1,Mata Atlântica,31.052,31.052,32.028,323691,323691,146074,100.0,45.128
2003-02-01,2003,2,Mata Atlântica,29.768,29.768,30.929,379372,379372,58653,100.0,15.461
2003-03-01,2003,3,Mata Atlântica,31.359,31.359,33.291,406186,406186,90561,100.0,22.295
2003-04-01,2003,4,Mata Atlântica,29.122,29.122,30.491,415919,415919,87494,100.0,21.036
2003-05-01,2003,5,Mata Atlântica,27.267,27.267,27.979,397260,397260,199379,100.0,50.189
2003-06-01,2003,6,Mata Atlântica,25.441,25.441,26.063,481009,481009,194408,100.0,40.417
2003-07-01,2003,7,Mata Atlântica,24.266,24.266,25.116,432997,432997,107976,100.0,24.937
2003-08-01,2003,8,Mata Atlântica,25.896,25.896,27.733,333014,333014,92995,100.0,27.925
2003-09-01,2003,9,Mata Atlântica,28.545,28.545,31.413,426068,426068,130717,100.0,30.68
2003-10-01,2003,10,Mata Atlântica,31.466,31.466,33.468,341994,341994,123892,100.0,36.226
2003-11-01,2003,11,Mata Atlântica,32.885,32.885,35.276,440920,440920,127862,100.0,28.999
2003-12-01,2003,12,Mata Atlântica,32.769,32.769,33.601,287005,287005,92522,100.0,32.237
2004-01-01,2004,1,Mata Atlântica,30.937,30.937,32.125,190270,190270,51794,100.0,27.221
2004-02-01,2004,2,Mata Atlântica,28.178,28.178,29.779,379855,379855,45502,100.0,11.979
2004-03-01,2004,3,Mata Atlântica,28.348,28.348,29.729,283368,283368,37571,100.0,13.259
2004-04-01,2004,4,Mata Atlântica,26.826,26.826,27.778,371872,371872,79399,100.0,21.351
2004-05-01,2004,5,Mata Atlântica,25.462,25.462,26.185,394069,394069,158970,100.0,40.341
2004-06-01,2004,6,Mata Atlântica,23.73,23.73,24.503,406821,406821,86523,100.0,21.268
2004-07-01,2004,7,Mata Atlântica,22.971,22.971,23.453,435083,435083,103416,100.0,23.769
2004-08-01,2004,8,Mata Atlântica,26.223,26.223,27.374,473776,473776,174746,100.0,36.884
2004-09-01,2004,9,Mata Atlântica,29.05,29.05,30.916,433346,433346,69874,100.0,16.124
2004-10-01,2004,10,Mata Atlântica,31.487,31.487,33.162,385063,385063,87068,100.0,22.611
2004-11-01,2004,11,Mata Atlântica,31.618,31.618,33.242,365398,365398,140795,100.0,38.532
2004-12-01,2004,12,Mata Atlântica,30.917,30.917,32.163,449962,449962,137341,100.0,30.523
2005-01-01,2005,1,Mata Atlântica,32.282,32.282,33.455,437072,437072,139986,100.0,32.028
2005-02-01,2005,2,Mata Atlântica,31.228,31.228,31.97,412865,412865,169483,100.0,41.05
2005-03-01,2005,3,Mata Atlântica,29.059,29.059,29.484,450876,450876,110415,100.0,24.489
2005-04-01,2005,4,Mata Atlântica,26.579,26.579,27.243,387854,387854,85961,100.0,22.163
2005-05-01,2005,5,Mata Atlântica,25.119,25.119,25.928,444495,444495,121861,100.0,27.416
2005-06-01,2005,6,Mata Atlântica,23.933,23.933,24.35,433272,433272,185128,100.0,42.728
2005-07-01,2005,7,Mata Atlântica,23.981,23.981,24.682,478080,478080,206985,100.0,43.295
2005-08-01,2005,8,Mata Atlântica,24.721,24.721,26.372,422351,422351,58372,100.0,13.821
2005-09-01,2005,9,Mata Atlântica,27.992,27.992,29.55,337764,337764,40597,100.0,12.019
2005-10-01,2005,10,Mata Atlântica,32.076,32.076,34.184,501609,501609,143495,100.0,28.607
2005-11-01,2005,11,Mata Atlântica,30.549,30.549,31.989,273784,273784,68108,100.0,24.877
2005-12-01,2005,12,Mata Atlântica,29.265,29.265,31.017,275669,275669,49873,100.0,18.092
2006-01-01,2006,1,Mata Atlântica,28.635,28.635,30.1,344383,344383,45797,100.0,13.298
2006-02-01,2006,2,Mata Atlântica,31.454,31.454,32.605,457653,457653,102981,100.0,22.502
2006-03-01,2006,3,Mata Atlântica,29.865,29.865,30.712,292199,292199,78595,100.0,26.898
2006-04-01,2006,4,Mata Atlântica,26.75,26.75,27.708,320982,320982,77500,100.0,24.145
2006-05-01,2006,5,Mata Atlântica,25.807,25.807,26.219,470103,470103,217489,100.0,46.264
2006-06-01,2006,6,Mata Atlântica,23.504,23.504,24.746,385907,385907,125639,100.0,32.557
2006-07-01,2006,7,Mata Atlântica,24.364,24.364,24.824,499867,499867,249214,100.0,49.856
2006-08-01,2006,8,Mata Atlântica,26.297,26.297,27.601,466348,466348,195907,100.0,42.009
2006-09-01,2006,9,Mata Atlântica,27.997,27.997,30.507,347464,347464,92045,100.0,26.491
2006-10-01,2006,10,Mata Atlântica,29.842,29.842,30.759,285675,285675,84210,100.0,29.478
2006-11-01,2006,11,Mata Atlântica,27.921,27.921,28.648,382158,382158,50486,100.0,13.211
2006-12-01,2006,12,Mata Atlântica,29.606,29.606,30.291,333443,333443,64019,100.0,19.199
2007-01-01,2007,1,Mata Atlântica,29.777,29.777,30.891,297908,297908,63692,100.0,21.38
2007-02-01,2007,2,Mata Atlântica,29.44,29.44,30.335,344311,344311,100651,100.0,29.233
2007-03-01,2007,3,Mata Atlântica,26.983,26.983,27.8,428370,428370,66346,100.0,15.488
2007-04-01,2007,4,Mata Atlântica,27.23,27.23,28.357,398039,398039,144155,100.0,36.216
2007-05-01,2007,5,Mata Atlântica,26.13,26.13,26.618,449448,449448,186461,100.0,41.487
2007-06-01,2007,6,Mata Atlântica,24.737,24.737,25.361,463537,463537,189336,100.0,40.846
2007-07-01,2007,7,Mata Atlântica,24.613,24.613,25.804,474976,474976,133087,100.0,28.02
2007-08-01,2007,8,Mata Atlântica,25.176,25.176,26.833,457071,457071,83832,100.0,18.341
2007-09-01,2007,9,Mata Atlântica,26.965,26.965,29.526,329444,329444,68718,100.0,20.859
2007-10-01,2007,10,Mata Atlântica,31.933,31.933,33.993,446844,446844,199489,100.0,44.644
2007-11-01,2007,11,Mata Atlântica,32.218,32.218,33.703,310605,310605,107549,100.0,34.626
2007-12-01,2007,12,Mata Atlântica,30.048,30.048,31.339,411905,411905,140794,100.0,34.181
2008-01-01,2008,1,Mata Atlântica,30.003,30.003,31.854,385876,385876,94526,100.0,24.496
2008-02-01,2008,2,Mata Atlântica,30.455,30.455,31.475,381069,381069,100136,100.0,26.278
2008-03-01,2008,3,Mata Atlântica,29.439,29.439,30.479,405138,405138,136795,100.0,33.765
2008-04-01,2008,4,Mata Atlântica,28.244,28.244,29.414,449967,449967,101817,100.0,22.628
2008-05-01,2008,5,Mata Atlântica,26.696,26.696,27.427,458338,458338,167392,100.0,36.522
2008-06-01,2008,6,Mata Atlântica,24.825,24.825,25.462,440339,440339,172527,100.0,39.18
2008-07-01,2008,7,Mata Atlântica,24.406,24.406,25.234,495563,495563,215086,100.0,43.402
2008-08-01,2008,8,Mata Atlântica,26.362,26.362,28.088,468828,468828,99858,100.0,21.299
2008-09-01,2008,9,Mata Atlântica,30.61,30.61,33.084,389971,389971,160827,100.0,41.241
2008-10-01,2008,10,Mata Atlântica,32.843,32.843,35.079,450253,450253,199561,100.0,44.322
2008-11-01,2008,11,Mata Atlântica,33.484,33.484,36.278,190731,190731,71186,100.0,37.323
2008-12-01,2008,12,Mata Atlântica,29.675,29.675,31.182,249684,249684,58549,100.0,23.449
2009-01-01,2009,1,Mata Atlântica,28.185,28.185,29.375,307747,307747,46335,100.0,15.056
2009-02-01,2009,2,Mata Atlântica,29.259,29.259,30.891,399684,399684,56230,100.0,14.069
2009-03-01,2009,3,Mata Atlântica,31.04,31.04,32.543,427597,427597,184621,100.0,43.176
2009-04-01,2009,4,Mata Atlântica,27.874,27.874,28.952,326875,326875,81570,100.0,24.954
2009-05-01,2009,5,Mata Atlântica,25.136,25.136,25.718,389530,389530,162157,100.0,41.629
2009-06-01,2009,6,Mata Atlântica,24.431,24.431,24.954,414935,414935,120220,100.0,28.973
2009-07-01,2009,7,Mata Atlântica,24.707,24.707,25.42,466227,466227,133938,100.0,28.728
2009-08-01,2009,8,Mata Atlântica,25.919,25.919,27.923,430629,430629,124025,100.0,28.801
2009-09-01,2009,9,Mata Atlântica,29.419,29.419,31.267,461848,461848,170714,100.0,36.963
2009-10-01,2009,10,Mata Atlântica,30.001,30.001,32.317,321957,321957,70865,100.0,22.011
2009-11-01,2009,11,Mata Atlântica,31.506,31.506,32.519,486677,486677,135308,100.0,27.802
2009-12-01,2009,12,Mata Atlântica,32.483,32.483,33.256,350742,350742,85010,100.0,24.237
2010-01-01,2010,1,Mata Atlântica,31.786,31.786,32.742,372195,372195,40400,100.0,10.855
2010-02-01,2010,2,Mata Atlântica,31.797,31.797,33.836,360325,360325,83935,100.0,23.294
2010-03-01,2010,3,Mata Atlântica,30.394,30.394,31.477,435360,435360,165130,100.0,37.93
2010-04-01,2010,4,Mata Atlântica,26.898,26.898,27.774,388091,388091,74591,100.0,19.22
2010-05-01,2010,5,Mata Atlântica,26.657,26.657,27.425,440989,440989,147786,100.0,33.512
2010-06-01,2010,6,Mata Atlântica,25.646,25.646,26.16,471837,471837,292007,100.0,61.887
2010-07-01,2010,7,Mata Atlântica,23.39,23.39,24.535,417326,417326,54846,100.0,13.142
2010-08-01,2010,8,Mata Atlântica,25.711,25.711,27.169,469066,469066,175134,100.0,37.337
2010-09-01,2010,9,Mata Atlântica,28.089,28.089,30.615,414070,414070,112494,100.0,27.168
2010-10-01,2010,10,Mata Atlântica,32.359,32.359,33.903,418707,418707,218820,100.0,52.261
2010-11-01,2010,11,Mata Atlântica,30.064,30.064,31.101,298470,298470,78293,100.0,26.231
2010-12-01,2010,12,Mata Atlântica,29.917,29.917,31.288,303306,303306,59451,100.0,19.601
2011-01-01,2011,1,Mata Atlântica,29.676,29.676,30.978,321467,321467,61104,100.0,19.008
2011-02-01,2011,2,Mata Atlântica,28.855,28.855,30.813,381236,381236,39350,100.0,10.322
2011-03-01,2011,3,Mata Atlântica,29.639,29.639,31.151,335152,335152,42236,100.0,12.602
2011-04-01,2011,4,Mata Atlântica,26.702,26.702,27.665,383296,383296,64642,100.0,16.865
2011-05-01,2011,5,Mata Atlântica,24.614,24.614,25.33,388302,388302,112980,100.0,29.096
2011-06-01,2011,6,Mata Atlântica,24.826,24.826,25.324,465970,465970,180556,100.0,38.748
2011-07-01,2011,7,Mata Atlântica,24.81,24.81,25.8,474594,474594,175026,100.0,36.879
2011-08-01,2011,8,Mata Atlântica,26.313,26.313,27.71,478322,478322,168877,100.0,35.306
2011-09-01,2011,9,Mata Atlântica,28.991,28.991,31.303,357894,357894,102276,100.0,28.577
2011-10-01,2011,10,Mata Atlântica,28.937,28.937,33.084,186152,186152,39230,100.0,21.074
2011-11-01,2011,11,Mata Atlântica,28.021,28.021,30.213,268051,268051,28865,100.0,10.768
2011-12-01,2011,12,Mata Atlântica,28.557,28.557,30.59,310205,310205,54738,100.0,17.646
2012-01-01,2012,1,Mata Atlântica,28.93,28.93,29.608,318535,318535,34252,100.0,10.753
2012-02-01,2012,2,Mata Atlântica,29.498,29.498,31.437,410341,410341,76553,100.0,18.656
2012-03-01,2012,3,Mata Atlântica,30.409,30.409,32.464,450715,450715,118070,100.0,26.196
2012-04-01,2012,4,Mata Atlântica,29.93,29.93,31.245,426657,426657,162869,100.0,38.173
2012-05-01,2012,5,Mata Atlântica,27.467,27.467,28.208,387997,387997,143198,100.0,36.907
2012-06-01,2012,6,Mata Atlântica,25.263,25.263,26.357,440448,440448,94750,100.0,21.512
2012-07-01,2012,7,Mata Atlântica,24.369,24.369,25.257,477750,477750,149574,100.0,31.308
2012-08-01,2012,8,Mata Atlântica,24.96,24.96,26.503,475019,475019,107638,100.0,22.66
2012-09-01,2012,9,Mata Atlântica,29.337,29.337,31.197,452633,452633,193385,100.0,42.724
2012-10-01,2012,10,Mata Atlântica,31.887,31.887,35.064,352779,352779,139915,100.0,39.661
2012-11-01,2012,11,Mata Atlântica,31.085,31.085,32.028,325747,325747,109325,100.0,33.561
2012-12-01,2012,12,Mata Atlântica,32.186,32.186,33.267,458288,458288,160880,100.0,35.105
2013-01-01,2013,1,Mata Atlântica,31.752,31.752,32.947,291181,291181,53959,100.0,18.531
2013-02-01,2013,2,Mata Atlântica,30.499,30.499,32.089,407260,407260,61502,100.0,15.101
2013-03-01,2013,3,Mata Atlântica,32.109,32.109,34.09,429008,429008,135015,100.0,31.471
2013-04-01,2013,4,Mata Atlântica,28.241,28.241,29.535,334008,334008,93343,100.0,27.946
2013-05-01,2013,5,Mata Atlântica,26.757,26.757,27.054,451310,451310,208165,100.0,46.125
2013-06-01,2013,6,Mata Atlântica,24.963,24.963,25.76,417894,417894,142362,100.0,34.067
2013-07-01,2013,7,Mata Atlântica,24.922,24.922,25.858,467846,467846,163518,100.0,34.951
2013-08-01,2013,8,Mata Atlântica,25.785,25.785,27.512,435896,435896,115674,100.0,26.537
2013-09-01,2013,9,Mata Atlântica,27.993,27.993,30.298,398344,398344,112023,100.0,28.122
2013-10-01,2013,10,Mata Atlântica,28.93,28.93,30.835,364763,364763,53706,100.0,14.724
2013-11-01,2013,11,Mata Atlântica,30.804,30.804,32.42,404657,404657,92667,100.0,22.9
2013-12-01,2013,12,Mata Atlântica,30.193,30.193,31.729,279694,279694,81429,100.0,29.114
2014-01-01,2014,1,Mata Atlântica,28.72,28.72,30.26,395984,395984,60157,100.0,15.192
2014-02-01,2014,2,Mata Atlântica,28.696,28.696,29.953,428039,428039,52657,100.0,12.302
2014-03-01,2014,3,Mata Atlântica,27.795,27.795,29.668,296159,296159,19792,100.0,6.683
2014-04-01,2014,4,Mata Atlântica,28.416,28.416,29.482,448567,448567,97506,100.0,21.737
2014-05-01,2014,5,Mata Atlântica,27.251,27.251,28.211,477792,477792,217458,100.0,45.513
2014-06-01,2014,6,Mata Atlântica,24.72,24.72,25.659,427313,427313,99879,100.0,23.374
2014-07-01,2014,7,Mata Atlântica,24.078,24.078,25.402,396946,396946,83140,100.0,20.945
2014-08-01,2014,8,Mata Atlântica,26.168,26.168,27.492,489474,489474,191559,100.0,39.136
2014-09-01,2014,9,Mata Atlântica,28.626,28.626,31.091,401857,401857,108819,100.0,27.079
2014-10-01,2014,10,Mata Atlântica,31.209,31.209,33.577,326957,326957,79122,100.0,24.2
2014-11-01,2014,11,Mata Atlântica,30.295,30.295,33.022,253804,253804,39536,100.0,15.577
2014-12-01,2014,12,Mata Atlântica,29.141,29.141,30.81,351531,351531,56757,100.0,16.146
2015-01-01,2015,1,Mata Atlântica,29.76,29.76,31.508,442979,442979,68760,100.0,15.522
2015-02-01,2015,2,Mata Atlântica,29.968,29.968,31.465,348091,348091,66805,100.0,19.192
2015-03-01,2015,3,Mata Atlântica,28.958,28.958,30.51,416587,416587,85877,100.0,20.614
2015-04-01,2015,4,Mata Atlântica,29.351,29.351,30.529,375002,375002,102509,100.0,27.336
2015-05-01,2015,5,Mata Atlântica,26.133,26.133,26.761,380552,380552,97850,100.0,25.713
2015-06-01,2015,6,Mata Atlântica,24.231,24.231,25.195,419171,419171,118599,100.0,28.294
2015-07-01,2015,7,Mata Atlântica,24.228,24.228,25.204,444587,444587,142590,100.0,32.072
2015-08-01,2015,8,Mata Atlântica,25.939,25.939,27.264,490817,490817,174521,100.0,35.557
2015-09-01,2015,9,Mata Atlântica,30.551,30.551,33.447,463937,463937,141919,100.0,30.59
2015-10-01,2015,10,Mata Atlântica,33.565,33.565,36.436,456752,456752,159822,100.0,34.991
2015-11-01,2015,11,Mata Atlântica,35.989,35.989,37.395,445393,445393,259875,100.0,58.347
2015-12-01,2015,12,Mata Atlântica,35.207,35.207,36.615,435746,435746,183980,100.0,42.222
2016-01-01,2016,1,Mata Atlântica,33.285,33.285,34.874,258544,258544,120458,100.0,46.591
2016-02-01,2016,2,Mata Atlântica,28.789,28.789,29.813,326977,326977,82995,100.0,25.383
2016-03-01,2016,3,Mata Atlântica,31.641,31.641,32.804,429668,429668,92103,100.0,21.436
2016-04-01,2016,4,Mata Atlântica,30.8,30.8,32.182,463601,463601,142870,100.0,30.817
2016-05-01,2016,5,Mata Atlântica,29.278,29.278,30.825,445418,445418,232102,100.0,52.109
2016-06-01,2016,6,Mata Atlântica,26.9,26.9,27.786,434908,434908,190374,100.0,43.773
2016-07-01,2016,7,Mata Atlântica,25.691,25.691,27.008,443741,443741,165507,100.0,37.298
2016-08-01,2016,8,Mata Atlântica,27.12,27.12,29.204,420377,420377,162051,100.0,38.549
2016-09-01,2016,9,Mata Atlântica,30.255,30.255,33.274,373705,373705,83411,100.0,22.32
2016-10-01,2016,10,Mata Atlântica,29.676,29.676,31.783,395170,395170,63545,100.0,16.08
2016-11-01,2016,11,Mata Atlântica,31.238,31.238,34.025,247233,247233,54828,100.0,22.177
2016-12-01,2016,12,Mata Atlântica,30.713,30.713,32.413,314416,314416,65888,100.0,20.956
2017-01-01,2017,1,Mata Atlântica,31.532,31.532,33.11,415154,415154,89416,100.0,21.538
2017-02-01,2017,2,Mata Atlântica,29.83,29.83,30.812,264144,264144,13758,100.0,5.209
2017-03-01,2017,3,Mata Atlântica,30.795,30.795,32.213,425213,425213,92413,100.0,21.733
2017-04-01,2017,4,Mata Atlântica,27.458,27.458,28.764,363899,363899,77240,100.0,21.226
2017-05-01,2017,5,Mata Atlântica,26.289,26.289,27.265,393831,393831,141857,100.0,36.02
2017-06-01,2017,6,Mata Atlântica,25.005,25.005,25.875,477269,477269,151817,100.0,31.81
2017-07-01,2017,7,Mata Atlântica,22.858,22.858,23.671,462764,462764,130596,100.0,28.221
2017-08-01,2017,8,Mata Atlântica,25.286,25.286,26.337,474703,474703,181315,100.0,38.195
2017-09-01,2017,9,Mata Atlântica,26.434,26.434,29.156,394398,394398,50650,100.0,12.842
2017-10-01,2017,10,Mata Atlântica,29.976,29.976,33.015,344645,344645,74469,100.0,21.607
2017-11-01,2017,11,Mata Atlântica,31.069,31.069,32.738,378115,378115,96636,100.0,25.557
2017-12-01,2017,12,Mata Atlântica,29.592,29.592,30.957,339033,339033,67506,100.0,19.911
2018-01-01,2018,1,Mata Atlântica,30.45,30.45,31.947,460595,460595,65443,100.0,14.208
2018-02-01,2018,2,Mata Atlântica,29.378,29.378,30.902,317691,317691,40506,100.0,12.75
2018-03-01,2018,3,Mata Atlântica,29.386,29.386,30.392,381614,381614,87212,100.0,22.853
2018-04-01,2018,4,Mata Atlântica,26.444,26.444,27.287,341645,341645,37766,100.0,11.054
2018-05-01,2018,5,Mata Atlântica,25.532,25.532,26.283,427431,427431,150536,100.0,35.219
2018-06-01,2018,6,Mata Atlântica,24.139,24.139,25.419,411936,411936,87957,100.0,21.352
2018-07-01,2018,7,Mata Atlântica,24.294,24.294,25.265,483546,483546,119878,100.0,24.791
2018-08-01,2018,8,Mata Atlântica,26.297,26.297,28.374,434732,434732,96737,100.0,22.252
2018-09-01,2018,9,Mata Atlântica,30.331,30.331,33.04,428987,428954,133708,99.992,31.168
2018-10-01,2018,10,Mata Atlântica,32.983,32.983,35.879,288983,288983,86097,100.0,29.793
2018-11-01,2018,11,Mata Atlântica,28.621,28.621,29.591,220900,220900,20387,100.0,9.229
2018-12-01,2018,12,Mata Atlântica,29.649,29.649,30.734,325007,325007,70091,100.0,21.566
2019-01-01,2019,1,Mata Atlântica,30.329,30.329,31.623,348183,348183,52638,100.0,15.118
2019-02-01,2019,2,Mata Atlântica,32.56,32.56,33.482,463565,463565,129989,100.0,28.041
2019-03-01,2019,3,Mata Atlântica,31.795,31.795,32.638,408010,408010,97864,100.0,23.986
2019-04-01,2019,4,Mata Atlântica,28.501,28.501,29.262,439308,439308,129734,100.0,29.531
2019-05-01,2019,5,Mata Atlântica,27.331,27.331,27.895,461218,461218,175871,100.0,38.132
2019-06-01,2019,6,Mata Atlântica,25.418,25.418,26.139,478903,478903,161593,100.0,33.742
2019-07-01,2019,7,Mata Atlântica,25.019,25.019,25.813,462617,462617,212250,100.0,45.88
2019-08-01,2019,8,Mata Atlântica,25.612,25.612,27.068,442563,442563,109290,100.0,24.695
2019-09-01,2019,9,Mata Atlântica,27.978,27.978,30.816,371128,371128,66210,100.0,17.84
2019-10-01,2019,10,Mata Atlântica,31.564,31.564,34.344,472415,472415,165301,100.0,34.991
2019-11-01,2019,11,Mata Atlântica,33.979,33.979,35.692,459027,459027,214672,100.0,46.767
2019-12-01,2019,12,Mata Atlântica,30.922,30.922,32.157,405097,405097,114188,100.0,28.188
2020-01-01,2020,1,Mata Atlântica,30.278,30.278,31.407,324213,324213,84262,100.0,25.99
2020-02-01,2020,2,Mata Atlântica,30.698,30.698,32.664,388479,388479,112068,100.0,28.848
2020-03-01,2020,3,Mata Atlântica,28.991,28.991,30.195,308773,308773,82128,100.0,26.598
2020-04-01,2020,4,Mata Atlântica,27.689,27.689,28.387,363667,363667,164081,100.0,45.118
2020-05-01,2020,5,Mata Atlântica,25.472,25.472,26.268,364866,364866,136422,100.0,37.39
2020-06-01,2020,6,Mata Atlântica,24.583,24.583,25.043,486730,486730,181253,100.0,37.239
2020-07-01,2020,7,Mata Atlântica,23.893,23.893,24.729,479719,479719,148838,100.0,31.026
2020-08-01,2020,8,Mata Atlântica,24.437,24.437,25.589,438029,438029,124276,100.0,28.372
2020-09-01,2020,9,Mata Atlântica,28.37,28.37,30.085,496378,496378,175534,100.0,35.363
2020-10-01,2020,10,Mata Atlântica,30.401,30.401,31.484,267143,267143,121862,100.0,45.617
2020-11-01,2020,11,Mata Atlântica,28.809,28.809,30.036,351842,351842,43425,100.0,12.342
2020-12-01,2020,12,Mata Atlântica,29.564,29.564,30.806,439116,439116,65178,100.0,14.843
2021-01-01,2021,1,Mata Atlântica,29.613,29.613,31.73,347168,347168,37136,100.0,10.697
2021-02-01,2021,2,Mata Atlântica,29.936,29.936,31.978,258196,258196,33785,100.0,13.085
2021-03-01,2021,3,Mata Atlântica,30.692,30.692,31.718,496941,496941,225660,100.0,45.41
2021-04-01,2021,4,Mata Atlântica,29.606,29.606,30.393,435932,435932,194323,100.0,44.576
2021-05-01,2021,5,Mata Atlântica,26.942,26.942,27.707,476519,476519,212422,100.0,44.578
2021-06-01,2021,6,Mata Atlântica,24.578,24.578,25.17,440609,440609,104099,100.0,23.626
2021-07-01,2021,7,Mata Atlântica,25.905,25.905,26.812,462504,462504,227460,100.0,49.18
2021-08-01,2021,8,Mata Atlântica,25.644,25.644,27.641,404216,404216,72967,100.0,18.051
2021-09-01,2021,9,Mata Atlântica,30.677,30.677,33.556,417732,417732,144450,100.0,34.58
2021-10-01,2021,10,Mata Atlântica,30.312,30.312,33.542,225416,225416,46295,100.0,20.538
2021-11-01,2021,11,Mata Atlântica,28.767,28.767,30.142,285904,285904,88539,100.0,30.968
2021-12-01,2021,12,Mata Atlântica,27.643,27.643,29.805,183302,183302,13746,100.0,7.499
2022-01-01,2022,1,Mata Atlântica,28.367,28.367,29.588,360740,360740,95688,100.0,26.525
2022-02-01,2022,2,Mata Atlântica,29.109,29.109,30.166,430579,430579,84741,100.0,19.681
2022-03-01,2022,3,Mata Atlântica,27.142,27.142,28.713,392013,392013,52733,100.0,13.452
2022-04-01,2022,4,Mata Atlântica,27.702,27.702,28.755,469568,469568,114748,100.0,24.437
2022-05-01,2022,5,Mata Atlântica,25.586,25.586,26.085,471773,471773,224360,100.0,47.557
2022-06-01,2022,6,Mata Atlântica,24.862,24.862,25.27,484863,484863,287453,100.0,59.285
2022-07-01,2022,7,Mata Atlântica,23.866,23.866,24.483,447735,447735,106026,100.0,23.681
2022-08-01,2022,8,Mata Atlântica,25.561,25.561,27.524,445960,445960,124102,100.0,27.828
2022-09-01,2022,9,Mata Atlântica,29.065,29.065,30.936,421905,421905,149501,100.0,35.435
2022-10-01,2022,10,Mata Atlântica,28.775,28.775,30.228,138487,138487,28308,100.0,20.441
2022-11-01,2022,11,Mata Atlântica,28.353,28.353,29.656,95726,95726,7361,100.0,7.69
2022-12-01,2022,12,Mata Atlântica,27.688,27.688,29.073,303170,303170,65885,100.0,21.732
2023-01-01,2023,1,Mata Atlântica,27.362,27.362,28.532,335967,335967,27045,100.0,8.05
2023-02-01,2023,2,Mata Atlântica,28.413,28.413,29.219,434996,434996,68770,100.0,15.809
2023-03-01,2023,3,Mata Atlântica,27.322,27.322,28.498,365716,365716,22568,100.0,6.171
2023-04-01,2023,4,Mata Atlântica,27.573,27.573,28.323,443374,443374,191635,100.0,43.222
2023-05-01,2023,5,Mata Atlântica,24.772,24.772,25.238,392159,392159,125058,100.0,31.89
2023-06-01,2023,6,Mata Atlântica,23.851,23.851,24.337,461583,461583,165687,100.0,35.895
2023-07-01,2023,7,Mata Atlântica,23.974,23.974,24.31,459914,459914,180265,100.0,39.195
2023-08-01,2023,8,Mata Atlântica,26.219,26.219,27.206,384902,384902,168966,100.0,43.898
2023-09-01,2023,9,Mata Atlântica,28.177,28.177,29.688,415089,415089,142868,100.0,34.419
2023-10-01,2023,10,Mata Atlântica,31.864,31.864,33.407,399555,399555,155424,100.0,38.899
2023-11-01,2023,11,Mata Atlântica,33.826,33.826,35.636,485703,485703,238477,100.0,49.099
2023-12-01,2023,12,Mata Atlântica,32.879,32.879,34.499,455161,455161,189550,100.0,41.645
2024-01-01,2024,1,Mata Atlântica,30.685,30.685,31.783,393528,393528,115885,100.0,29.448
2024-02-01,2024,2,Mata Atlântica,27.785,27.785,29.072,352326,352326,101403,100.0,28.781
2024-03-01,2024,3,Mata Atlântica,28.348,28.348,28.847,494240,494240,148852,100.0,30.117
2024-04-01,2024,4,Mata Atlântica,26.395,26.395,27.102,377827,377827,99900,100.0,26.441
2024-05-01,2024,5,Mata Atlântica,25.998,25.998,26.416,502216,502216,214934,100.0,42.797
2024-06-01,2024,6,Mata Atlântica,23.756,23.756,24.221,444624,444624,188833,100.0,42.47
2024-07-01,2024,7,Mata Atlântica,23.647,23.647,24.399,470474,470474,201051,100.0,42.734
2024-08-01,2024,8,Mata Atlântica,24.83,24.83,25.694,458556,458556,168183,100.0,36.677
2024-09-01,2024,9,Mata Atlântica,27.27,27.27,29.284,480904,480904,119531,100.0,24.855
2024-10-01,2024,10,Mata Atlântica,29.962,29.962,32.335,300472,300472,104772,100.0,34.869
2024-11-01,2024,11,Mata Atlântica,29.011,29.011,30.365,332517,332517,103652,100.0,31.172
2024-12-01,2024,12,Mata Atlântica,28.988,28.988,30.679,423485,423485,91000,100.0,21.488
2025-01-01,2025,1,Mata Atlântica,28.364,28.364,29.695,356659,356659,104426,100.0,29.279
2025-02-01,2025,2,Mata Atlântica,26.599,26.599,27.932,444757,444757,47969,100.0,10.785
2025-03-01,2025,3,Mata Atlântica,26.306,26.306,27.556,444848,444848,80795,100.0,18.162
2025-04-01,2025,4,Mata Atlântica,26.447,26.447,26.805,435851,435851,141565,100.0,32.48
2025-05-01,2025,5,Mata Atlântica,23.638,23.638,24.357,391077,391077,136321,100.0,34.858
2025-06-01,2025,6,Mata Atlântica,22.514,22.514,22.697,481264,481264,285178,100.0,59.256
2025-07-01,2025,7,Mata Atlântica,22.086,22.086,22.599,468460,468460,261354,100.0,55.79
2025-08-01,2025,8,Mata Atlântica,22.781,22.781,23.186,478057,478057,185254,100.0,38.751
2025-09-01,2025,9,Mata Atlântica,25.168,25.168,25.91,458671,458671,142323,100.0,31.029
2025-10-01,2025,10,Mata Atlântica,26.292,26.292,29.366,335084,335084,46751,100.0,13.952
2025-11-01,2025,11,Mata Atlântica,26.308,26.308,26.954,332035,332035,77568,100.0,23.361
2025-12-01,2025,12,Mata Atlântica,26.223,26.223,27.116,350432,350432,65631,100.0,18.729
2001-01-01,2001,1,Cerrado,31.5,31.5,31.837,483574,483574,328664,100.0,67.966
2001-02-01,2001,2,Cerrado,31.342,31.342,32.033,486302,486302,319563,100.0,65.713
2001-03-01,2001,3,Cerrado,30.246,30.246,30.777,470632,470632,273140,100.0,58.037
2001-04-01,2001,4,Cerrado,30.777,30.777,31.01,452573,452573,388556,100.0,85.855
2001-05-01,2001,5,Cerrado,30.724,30.724,30.801,494326,494326,455075,100.0,92.06
2001-06-01,2001,6,Cerrado,29.408,29.408,29.462,247557,247557,241703,100.0,97.635
2001-07-01,2001,7,Cerrado,30.374,30.374,30.456,496128,496128,483796,100.0,97.514
2001-08-01,2001,8,Cerrado,33.225,33.225,33.264,496052,496052,490268,100.0,98.834
2001-09-01,2001,9,Cerrado,38.309,38.309,38.329,496093,496093,485342,100.0,97.833
2001-10-01,2001,10,Cerrado,35.398,35.398,35.701,393260,393260,240215,100.0,61.083
2001-11-01,2001,11,Cerrado,33.597,33.597,34.01,376433,376433,252075,100.0,66.964
2001-12-01,2001,12,Cerrado,32.835,32.835,32.911,392186,392186,301565,100.0,76.893
2002-01-01,2002,1,Cerrado,28.86,28.86,29.759,229949,229949,92111,100.0,40.057
2002-02-01,2002,2,Cerrado,29.212,29.212,29.853,395461,395461,235673,100.0,59.594
2002-03-01,2002,3,Cerrado,31.514,31.514,31.775,475409,475409,392466,100.0,82.553
2002-04-01,2002,4,Cerrado,30.706,30.706,30.986,481870,481870,411004,100.0,85.294
2002-05-01,2002,5,Cerrado,31.062,31.062,31.085,496140,496140,489535,100.0,98.669
2002-06-01,2002,6,Cerrado,29.638,29.638,29.684,496103,496103,483726,100.0,97.505
2002-07-01,2002,7,Cerrado,31.815,31.815,31.825,496140,496140,494935,100.0,99.757
2002-08-01,2002,8,Cerrado,34.301,34.301,34.324,496139,496139,493745,100.0,99.517
2002-09-01,2002,9,Cerrado,37.118,37.118,37.219,491923,491923,455500,100.0,92.596
2002-10-01,2002,10,Cerrado,39.627,39.627,39.667,433116,433116,372187,100.0,85.932
2002-11-01,2002,11,Cerrado,39.13,39.13,39.012,495173,495173,432748,100.0,87.393
2002-12-01,2002,12,Cerrado,32.581,32.581,33.064,294079,294079,186400,100.0,63.384
2003-01-01,2003,1,Cerrado,29.379,29.379,30.396,316019,316019,177719,100.0,56.237
2003-02-01,2003,2,Cerrado,30.802,30.802,31.504,460787,460787,300237,100.0,65.157
2003-03-01,2003,3,Cerrado,30.11,30.11,30.701,415263,415263,239363,100.0,57.641
2003-04-01,2003,4,Cerrado,29.904,29.904,30.155,487384,487384,361815,100.0,74.236
2003-05-01,2003,5,Cerrado,29.98,29.98,30.105,492052,492052,431084,100.0,87.609
2003-06-01,2003,6,Cerrado,29.734,29.734,29.758,495721,495721,492478,100.0,99.346
2003-07-01,2003,7,Cerrado,30.378,30.378,30.415,496140,496140,491285,100.0,99.021
2003-08-01,2003,8,Cerrado,33.804,33.804,33.866,496120,496120,480457,100.0,96.843
2003-09-01,2003,9,Cerrado,37.731,37.731,37.743,496140,496140,493242,100.0,99.416
2003-10-01,2003,10,Cerrado,38.058,38.058,38.39,393821,393821,328138,100.0,83.322
2003-11-01,2003,11,Cerrado,35.874,35.874,36.06,480651,480651,385042,100.0,80.108
2003-12-01,2003,12,Cerrado,33.603,33.603,33.908,406651,406651,345321,100.0,84.918
2004-01-01,2004,1,Cerrado,31.435,31.435,31.768,275503,275503,223181,100.0,81.009
2004-02-01,2004,2,Cerrado,28.156,28.156,29.173,313091,313091,132477,100.0,42.313
2004-03-01,2004,3,Cerrado,28.091,28.091,29.075,350799,350799,171687,100.0,48.942
2004-04-01,2004,4,Cerrado,29.181,29.181,29.256,480624,480624,346975,100.0,72.193
2004-05-01,2004,5,Cerrado,29.233,29.233,29.35,495867,495867,464941,100.0,93.763
2004-06-01,2004,6,Cerrado,28.289,28.289,28.376,495669,495669,487517,100.0,98.355
2004-07-01,2004,7,Cerrado,28.878,28.878,28.964,496072,496072,487225,100.0,98.217
2004-08-01,2004,8,Cerrado,33.429,33.429,33.468,496123,496123,493280,100.0,99.427
2004-09-01,2004,9,Cerrado,37.556,37.556,37.557,496109,496109,490270,100.0,98.823
2004-10-01,2004,10,Cerrado,38.73,38.73,38.696,495981,495981,450182,100.0,90.766
2004-11-01,2004,11,Cerrado,36.269,36.269,36.353,399273,399273,320302,100.0,80.221
2004-12-01,2004,12,Cerrado,32.51,32.51,32.49,448742,448742,312579,100.0,69.657
2005-01-01,2005,1,Cerrado,31.857,31.857,32.065,413668,413668,265322,100.0,64.139
2005-02-01,2005,2,Cerrado,29.108,29.108,29.56,418417,418417,227535,100.0,54.38
2005-03-01,2005,3,Cerrado,28.102,28.102,28.729,399994,399994,123616,100.0,30.904
2005-04-01,2005,4,Cerrado,29.263,29.263,29.603,482966,482966,368296,100.0,76.257
2005-05-01,2005,5,Cerrado,27.456,27.456,27.63,494539,494539,418290,100.0,84.582
2005-06-01,2005,6,Cerrado,28.106,28.106,28.167,495343,495343,481159,100.0,97.137
2005-07-01,2005,7,Cerrado,29.419,29.419,29.473,496016,496016,491001,100.0,98.989
2005-08-01,2005,8,Cerrado,33.206,33.206,33.246,496010,496010,492585,100.0,99.309
2005-09-01,2005,9,Cerrado,36.381,36.381,36.559,478695,478695,444343,100.0,92.824
2005-10-01,2005,10,Cerrado,39.973,39.973,39.976,496140,496140,492912,100.0,99.349
2005-11-01,2005,11,Cerrado,34.932,34.932,34.569,330723,330723,235756,100.0,71.285
2005-12-01,2005,12,Cerrado,30.194,30.194,30.158,222228,222228,144487,100.0,65.017
2006-01-01,2006,1,Cerrado,30.457,30.457,30.75,381435,381435,327339,100.0,85.818
2006-02-01,2006,2,Cerrado,30.66,30.66,31.291,414624,414624,198582,100.0,47.894
2006-03-01,2006,3,Cerrado,28.838,28.838,29.694,385825,385825,200376,100.0,51.934
2006-04-01,2006,4,Cerrado,27.607,27.607,28.48,378508,378508,177578,100.0,46.915
2006-05-01,2006,5,Cerrado,27.83,27.83,28.097,482294,482294,404336,100.0,83.836
2006-06-01,2006,6,Cerrado,27.242,27.242,27.307,495673,495673,487968,100.0,98.446
2006-07-01,2006,7,Cerrado,29.418,29.418,29.431,496140,496140,494087,100.0,99.586
2006-08-01,2006,8,Cerrado,33.34,33.34,33.353,496140,496140,494504,100.0,99.67
2006-09-01,2006,9,Cerrado,36.472,36.472,36.564,496004,496004,452217,100.0,91.172
2006-10-01,2006,10,Cerrado,34.367,34.367,34.65,338756,338756,223780,100.0,66.059
2006-11-01,2006,11,Cerrado,33.171,33.171,33.43,468391,468391,375040,100.0,80.07
2006-12-01,2006,12,Cerrado,31.453,31.453,31.831,406632,406632,287713,100.0,70.755
2007-01-01,2007,1,Cerrado,31.071,31.071,31.553,428335,428335,298932,100.0,69.789
2007-02-01,2007,2,Cerrado,29.551,29.551,30.107,447540,447540,273826,100.0,61.185
2007-03-01,2007,3,Cerrado,29.605,29.605,29.883,494746,494746,362069,100.0,73.183
2007-04-01,2007,4,Cerrado,30.613,30.613,30.746,492693,492693,403617,100.0,81.921
2007-05-01,2007,5,Cerrado,31.025,31.025,31.032,496140,496140,494207,100.0,99.61
2007-06-01,2007,6,Cerrado,29.942,29.942,30.045,496139,496139,480303,100.0,96.808
2007-07-01,2007,7,Cerrado,31.54,31.54,31.557,496140,496140,494748,100.0,99.719
2007-08-01,2007,8,Cerrado,33.91,33.91,33.937,496140,496140,493907,100.0,99.55
2007-09-01,2007,9,Cerrado,38.193,38.193,38.21,496113,496113,494598,100.0,99.695
2007-10-01,2007,10,Cerrado,41.388,41.388,41.4,496132,496132,471512,100.0,95.038
2007-11-01,2007,11,Cerrado,37.593,37.593,40.044,341218,341218,274630,100.0,80.485
2007-12-01,2007,12,Cerrado,35.387,35.387,35.406,464643,464643,360565,100.0,77.6
2008-01-01,2008,1,Cerrado,34.397,34.397,34.464,491445,491445,398103,100.0,81.007
2008-02-01,2008,2,Cerrado,30.95,30.95,31.452,455284,455284,319202,100.0,70.111
2008-03-01,2008,3,Cerrado,28.79,28.79,29.818,353710,353710,196204,100.0,55.47
2008-04-01,2008,4,Cerrado,28.516,28.516,28.827,412811,412811,293886,100.0,71.191
2008-05-01,2008,5,Cerrado,29.239,29.239,29.263,496127,496127,464057,100.0,93.536
2008-06-01,2008,6,Cerrado,29.117,29.117,29.198,496036,496036,486604,100.0,98.099
2008-07-01,2008,7,Cerrado,30.234,30.234,30.267,496140,496140,491073,100.0,98.979
2008-08-01,2008,8,Cerrado,33.912,33.912,33.931,496140,496140,494298,100.0,99.629
2008-09-01,2008,9,Cerrado,38.453,38.453,38.578,495952,495952,459538,100.0,92.658
2008-10-01,2008,10,Cerrado,41.302,41.302,41.294,496104,496104,483064,100.0,97.372
2008-11-01,2008,11,Cerrado,34.628,34.628,34.954,267355,267355,131338,100.0,49.125
2008-12-01,2008,12,Cerrado,31.494,31.494,31.697,330317,330317,197645,100.0,59.835
2009-01-01,2009,1,Cerrado,31.496,31.496,31.809,441720,441720,305164,100.0,69.085
2009-02-01,2009,2,Cerrado,29.361,29.361,30.138,452115,452115,263134,100.0,58.201
2009-03-01,2009,3,Cerrado,29.389,29.389,30.814,407816,407816,217725,100.0,53.388
2009-04-01,2009,4,Cerrado,28.372,28.372,29.05,420905,420905,183061,100.0,43.492
2009-05-01,2009,5,Cerrado,27.157,27.157,27.354,455195,455195,359335,100.0,78.941
2009-06-01,2009,6,Cerrado,27.888,27.888,28.042,495149,495149,443801,100.0,89.63
2009-07-01,2009,7,Cerrado,30.539,30.539,30.566,496031,496031,492681,100.0,99.325
2009-08-01,2009,8,Cerrado,33.673,33.673,33.685,496128,496128,492105,100.0,99.189
2009-09-01,2009,9,Cerrado,37.612,37.612,37.613,496132,496132,470873,100.0,94.909
2009-10-01,2009,10,Cerrado,31.786,31.786,32.971,282823,282823,116213,100.0,41.09
2009-11-01,2009,11,Cerrado,33.484,33.484,33.444,489736,489736,398799,100.0,81.431
2009-12-01,2009,12,Cerrado,31.353,31.353,31.794,373915,373915,240179,100.0,64.234
2010-01-01,2010,1,Cerrado,29.862,29.862,30.375,393643,393643,252063,100.0,64.033
2010-02-01,2010,2,Cerrado,30.782,30.782,31.097,486790,486790,358513,100.0,73.648
2010-03-01,2010,3,Cerrado,30.143,30.143,30.487,457267,457267,322146,100.0,70.45
2010-04-01,2010,4,Cerrado,29.552,29.552,29.924,440669,440669,344118,100.0,78.09
2010-05-01,2010,5,Cerrado,30.526,30.526,30.56,496139,496139,464233,100.0,93.569
2010-06-01,2010,6,Cerrado,29.723,29.723,29.747,496118,496118,491840,100.0,99.138
2010-07-01,2010,7,Cerrado,30.044,30.044,30.157,495892,495892,483443,100.0,97.49
2010-08-01,2010,8,Cerrado,33.446,33.446,33.465,496139,496139,494372,100.0,99.644
2010-09-01,2010,9,Cerrado,38.508,38.508,38.513,496140,496140,495417,100.0,99.854
2010-10-01,2010,10,Cerrado,37.159,37.159,37.589,465365,465365,300808,100.0,64.639
2010-11-01,2010,11,Cerrado,34.079,34.079,34.399,404194,404194,251474,100.0,62.216
2010-12-01,2010,12,Cerrado,32.132,32.132,32.37,389097,389097,262315,100.0,67.416
2011-01-01,2011,1,Cerrado,30.503,30.503,30.842,373071,373071,243145,100.0,65.174
2011-02-01,2011,2,Cerrado,29.392,29.392,30.238,428285,428285,261256,100.0,61.001
2011-03-01,2011,3,Cerrado,27.832,27.832,28.541,355790,355790,145146,100.0,40.795
2011-04-01,2011,4,Cerrado,28.404,28.404,28.669,480122,480122,287788,100.0,59.941
2011-05-01,2011,5,Cerrado,29.217,29.217,29.272,495207,495207,475913,100.0,96.104
2011-06-01,2011,6,Cerrado,29.637,29.637,29.669,496140,496140,490468,100.0,98.857
2011-07-01,2011,7,Cerrado,30.933,30.933,30.983,496108,496108,491501,100.0,99.071
2011-08-01,2011,8,Cerrado,34.681,34.681,34.696,496140,496140,494865,100.0,99.743
2011-09-01,2011,9,Cerrado,38.029,38.029,38.035,495840,495840,467144,100.0,94.213
2011-10-01,2011,10,Cerrado,36.115,36.115,36.236,427218,427218,335283,100.0,78.481
2011-11-01,2011,11,Cerrado,31.857,31.857,32.317,384622,384622,203223,100.0,52.837
2011-12-01,2011,12,Cerrado,31.704,31.704,31.793,414989,414989,289002,100.0,69.641
2012-01-01,2012,1,Cerrado,29.945,29.945,30.388,427239,427239,223752,100.0,52.372
2012-02-01,2012,2,Cerrado,29.727,29.727,30.327,444413,444413,304349,100.0,68.483
2012-03-01,2012,3,Cerrado,31.689,31.689,31.986,466107,466107,385632,100.0,82.735
2012-04-01,2012,4,Cerrado,32.671,32.671,32.659,496134,496134,471763,100.0,95.088
2012-05-01,2012,5,Cerrado,30.912,30.912,31.282,475575,475575,426500,100.0,89.681
2012-06-01,2012,6,Cerrado,31.403,31.403,31.427,495749,495749,492886,100.0,99.422
2012-07-01,2012,7,Cerrado,31.858,31.858,31.896,496128,496128,492509,100.0,99.271
2012-08-01,2012,8,Cerrado,34.274,34.274,34.297,496112,496112,494132,100.0,99.601
2012-09-01,2012,9,Cerrado,39.369,39.369,39.376,496122,496122,484341,100.0,97.625
2012-10-01,2012,10,Cerrado,42.85,42.85,43.039,466417,466417,357905,100.0,76.735
2012-11-01,2012,11,Cerrado,34.683,34.683,35.06,204125,204125,102153,100.0,50.044
2012-12-01,2012,12,Cerrado,36.351,36.351,36.219,495650,495650,420813,100.0,84.901
2013-01-01,2013,1,Cerrado,33.34,33.34,33.783,320148,320148,235484,100.0,73.555
2013-02-01,2013,2,Cerrado,31.55,31.55,31.921,478225,478225,360470,100.0,75.377
2013-03-01,2013,3,Cerrado,32.117,32.117,32.361,457759,457759,328626,100.0,71.79
2013-04-01,2013,4,Cerrado,29.986,29.986,30.28,469937,469937,332679,100.0,70.792
2013-05-01,2013,5,Cerrado,31.274,31.274,31.327,496138,496138,480447,100.0,96.837
2013-06-01,2013,6,Cerrado,30.771,30.771,30.836,496024,496024,457165,100.0,92.166
2013-07-01,2013,7,Cerrado,32.089,32.089,32.111,496107,496107,492513,100.0,99.276
2013-08-01,2013,8,Cerrado,34.5,34.5,34.547,496006,496006,477802,100.0,96.33
2013-09-01,2013,9,Cerrado,39.337,39.337,39.477,496098,496098,470803,100.0,94.901
2013-10-01,2013,10,Cerrado,38.578,38.578,38.571,494050,494050,387787,100.0,78.491
2013-11-01,2013,11,Cerrado,35.957,35.957,35.845,481225,481225,371068,100.0,77.109
2013-12-01,2013,12,Cerrado,31.738,31.738,32.459,279386,279386,167490,100.0,59.949
2014-01-01,2014,1,Cerrado,31.876,31.876,32.269,472586,472586,319196,100.0,67.542
2014-02-01,2014,2,Cerrado,30.266,30.266,30.81,426182,426182,282821,100.0,66.362
2014-03-01,2014,3,Cerrado,29.921,29.921,30.592,434190,434190,296271,100.0,68.235
2014-04-01,2014,4,Cerrado,29.798,29.798,29.945,492304,492304,341145,100.0,69.296
2014-05-01,2014,5,Cerrado,29.797,29.797,29.813,496104,496104,472364,100.0,95.215
2014-06-01,2014,6,Cerrado,29.965,29.965,30.02,496015,496015,489669,100.0,98.721
2014-07-01,2014,7,Cerrado,30.74,30.74,30.821,495983,495983,481699,100.0,97.12
2014-08-01,2014,8,Cerrado,35.095,35.095,35.1,496140,496140,495572,100.0,99.886
2014-09-01,2014,9,Cerrado,39.082,39.082,39.085,496021,496021,480854,100.0,96.942
2014-10-01,2014,10,Cerrado,40.886,40.886,40.814,493779,493779,410262,100.0,83.086
2014-11-01,2014,11,Cerrado,35.54,35.54,35.62,419398,419398,205813,100.0,49.073
2014-12-01,2014,12,Cerrado,32.991,32.991,33.687,384623,384623,283462,100.0,73.699
2015-01-01,2015,1,Cerrado,33.757,33.757,33.924,494415,494415,381166,100.0,77.094
2015-02-01,2015,2,Cerrado,31.24,31.24,31.552,432700,432700,356132,100.0,82.305
2015-03-01,2015,3,Cerrado,30.316,30.316,30.966,465087,465087,301685,100.0,64.866
2015-04-01,2015,4,Cerrado,29.695,29.695,30.311,410053,410053,238114,100.0,58.069
2015-05-01,2015,5,Cerrado,29.058,29.058,29.192,494800,494800,433224,100.0,87.555
2015-06-01,2015,6,Cerrado,29.609,29.609,29.658,496118,496118,487816,100.0,98.327
2015-07-01,2015,7,Cerrado,31.225,31.225,31.317,495700,495700,479324,100.0,96.696
2015-08-01,2015,8,Cerrado,35.263,35.263,35.362,496129,496129,484440,100.0,97.644
2015-09-01,2015,9,Cerrado,41.552,41.552,41.553,496140,496140,496007,100.0,99.973
2015-10-01,2015,10,Cerrado,43.486,43.486,43.464,494513,494513,457457,100.0,92.507
2015-11-01,2015,11,Cerrado,39.425,39.425,39.493,458258,458258,350115,100.0,76.401
2015-12-01,2015,12,Cerrado,37.906,37.906,37.732,456817,456817,347824,100.0,76.141
2016-01-01,2016,1,Cerrado,31.507,31.507,32.116,227062,227062,70324,100.0,30.971
2016-02-01,2016,2,Cerrado,31.707,31.707,31.914,480661,480661,408749,100.0,85.039
2016-03-01,2016,3,Cerrado,33.146,33.146,33.207,488926,488926,397417,100.0,81.284
2016-04-01,2016,4,Cerrado,33.496,33.496,33.425,492010,492010,434812,100.0,88.375
2016-05-01,2016,5,Cerrado,32.843,32.843,32.891,496140,496140,468229,100.0,94.374
2016-06-01,2016,6,Cerrado,31.304,31.304,31.333,495984,495984,482737,100.0,97.329
2016-07-01,2016,7,Cerrado,32.899,32.899,32.91,496140,496140,495251,100.0,99.821
2016-08-01,2016,8,Cerrado,36.618,36.618,36.639,496130,496130,494311,100.0,99.633
2016-09-01,2016,9,Cerrado,39.44,39.44,39.431,490127,490127,444288,100.0,90.648
2016-10-01,2016,10,Cerrado,40.385,40.385,40.295,496099,496099,449493,100.0,90.606
2016-11-01,2016,11,Cerrado,36.671,36.671,36.605,412269,412269,245284,100.0,59.496
2016-12-01,2016,12,Cerrado,33.462,33.462,33.469,459191,459191,289843,100.0,63.12
2017-01-01,2017,1,Cerrado,34.442,34.442,34.673,479935,479935,385489,100.0,80.321
2017-02-01,2017,2,Cerrado,29.896,29.896,30.579,372869,372869,222947,100.0,59.792
2017-03-01,2017,3,Cerrado,31.272,31.272,31.938,475843,475843,326833,100.0,68.685
2017-04-01,2017,4,Cerrado,31.228,31.228,31.069,493251,493251,432649,100.0,87.714
2017-05-01,2017,5,Cerrado,31.585,31.585,31.632,495518,495518,479055,100.0,96.678
2017-06-01,2017,6,Cerrado,31.002,31.002,31.029,495991,495991,492100,100.0,99.216
2017-07-01,2017,7,Cerrado,30.094,30.094,30.198,495939,495939,482206,100.0,97.231
2017-08-01,2017,8,Cerrado,35.959,35.959,35.974,496140,496140,494808,100.0,99.732
2017-09-01,2017,9,Cerrado,39.219,39.219,39.283,496139,496139,488024,100.0,98.364
2017-10-01,2017,10,Cerrado,42.185,42.185,42.086,414784,414784,368270,100.0,88.786
2017-11-01,2017,11,Cerrado,36.115,36.115,36.337,417661,417661,218118,100.0,52.224
2017-12-01,2017,12,Cerrado,33.401,33.401,34.085,375712,375712,205880,100.0,54.797
2018-01-01,2018,1,Cerrado,32.48,32.48,33.013,463979,463979,322146,100.0,69.431
2018-02-01,2018,2,Cerrado,28.355,28.355,29.558,278521,278521,120392,100.0,43.225
2018-03-01,2018,3,Cerrado,29.372,29.372,30.222,420278,420278,190378,100.0,45.298
2018-04-01,2018,4,Cerrado,29.456,29.456,29.707,451225,451225,293322,100.0,65.006
2018-05-01,2018,5,Cerrado,30.508,30.508,30.529,496135,496135,483653,100.0,97.484
2018-06-01,2018,6,Cerrado,30.487,30.487,30.526,496114,496114,491190,100.0,99.007
2018-07-01,2018,7,Cerrado,31.993,31.993,32.03,496140,496140,492711,100.0,99.309
2018-08-01,2018,8,Cerrado,35.55,35.55,35.566,496009,496009,488725,100.0,98.531
2018-09-01,2018,9,Cerrado,39.945,39.945,39.894,496140,496140,468584,100.0,94.446
2018-10-01,2018,10,Cerrado,38.746,38.746,38.968,439206,439206,302964,100.0,68.98
2018-11-01,2018,11,Cerrado,31.929,31.929,32.551,350185,350185,198256,100.0,56.615
2018-12-01,2018,12,Cerrado,31.292,31.292,31.723,345838,345838,238416,100.0,68.939
2019-01-01,2019,1,Cerrado,31.645,31.645,31.952,420573,420573,327616,100.0,77.898
2019-02-01,2019,2,Cerrado,31.911,31.911,32.476,451127,451127,337144,100.0,74.734
2019-03-01,2019,3,Cerrado,30.057,30.057,30.582,455678,455678,303420,100.0,66.586
2019-04-01,2019,4,Cerrado,29.541,29.541,29.806,459051,459051,290803,100.0,63.349
2019-05-01,2019,5,Cerrado,30.93,30.93,30.942,496103,496103,490188,100.0,98.808
2019-06-01,2019,6,Cerrado,29.952,29.952,29.992,496138,496138,487539,100.0,98.267
2019-07-01,2019,7,Cerrado,31.552,31.552,31.607,496137,496137,488290,100.0,98.418
2019-08-01,2019,8,Cerrado,34.716,34.716,34.737,496125,496125,494110,100.0,99.594
2019-09-01,2019,9,Cerrado,39.529,39.529,39.452,495989,495989,472250,100.0,95.214
2019-10-01,2019,10,Cerrado,41.546,41.546,41.385,493975,493975,420531,100.0,85.132
2019-11-01,2019,11,Cerrado,37.368,37.368,37.679,402609,402609,248398,100.0,61.697
2019-12-01,2019,12,Cerrado,35.485,35.485,35.483,409290,409290,228144,100.0,55.741
2020-01-01,2020,1,Cerrado,31.927,31.927,32.759,339846,339846,196955,100.0,57.954
2020-02-01,2020,2,Cerrado,30.479,30.479,31.222,447475,447475,246189,100.0,55.017
2020-03-01,2020,3,Cerrado,28.487,28.487,28.914,281656,281656,91235,100.0,32.392
2020-04-01,2020,4,Cerrado,29.385,29.385,29.616,451902,451902,317057,100.0,70.161
2020-05-01,2020,5,Cerrado,28.316,28.316,28.48,495199,495199,409669,100.0,82.728
2020-06-01,2020,6,Cerrado,28.341,28.341,28.409,496110,496110,486298,100.0,98.022
2020-07-01,2020,7,Cerrado,29.562,29.562,29.614,496139,496139,491000,100.0,98.964
2020-08-01,2020,8,Cerrado,33.64,33.64,33.662,496140,496140,493418,100.0,99.451
2020-09-01,2020,9,Cerrado,38.993,38.993,38.972,496138,496138,489489,100.0,98.66
2020-10-01,2020,10,Cerrado,39.757,39.757,40.401,364846,364846,282257,100.0,77.363
2020-11-01,2020,11,Cerrado,33.653,33.653,33.332,377900,377900,268927,100.0,71.164
2020-12-01,2020,12,Cerrado,34.228,34.228,34.385,448836,448836,345726,100.0,77.027
2021-01-01,2021,1,Cerrado,31.838,31.838,31.974,477020,477020,385275,100.0,80.767
2021-02-01,2021,2,Cerrado,29.885,29.885,30.406,330694,330694,172935,100.0,52.295
2021-03-01,2021,3,Cerrado,29.993,29.993,30.365,478723,478723,348732,100.0,72.846
2021-04-01,2021,4,Cerrado,30.52,30.52,30.574,480046,480046,285515,100.0,59.477
2021-05-01,2021,5,Cerrado,30.062,30.062,30.103,496139,496139,485510,100.0,97.858
2021-06-01,2021,6,Cerrado,30.111,30.111,30.15,496135,496135,481465,100.0,97.043
2021-07-01,2021,7,Cerrado,31.2,31.2,31.205,496140,496140,495547,100.0,99.88
2021-08-01,2021,8,Cerrado,34.503,34.503,34.525,496140,496140,493557,100.0,99.479
2021-09-01,2021,9,Cerrado,40.738,40.738,40.715,496139,496139,465111,100.0,93.746
2021-10-01,2021,10,Cerrado,38.875,38.875,39.175,368829,368829,281193,100.0,76.239
2021-11-01,2021,11,Cerrado,33.129,33.129,33.401,277132,277132,160832,100.0,58.034
2021-12-01,2021,12,Cerrado,29.103,29.103,29.634,154801,154801,61125,100.0,39.486
2022-01-01,2022,1,Cerrado,28.208,28.208,28.732,295941,295941,182287,100.0,61.596
2022-02-01,2022,2,Cerrado,28.569,28.569,29.191,442203,442203,216195,100.0,48.89
2022-03-01,2022,3,Cerrado,30.432,30.432,30.619,466892,466892,315184,100.0,67.507
2022-04-01,2022,4,Cerrado,31.27,31.27,31.359,494820,494820,445487,100.0,90.03
2022-05-01,2022,5,Cerrado,29.876,29.876,29.899,496140,496140,490465,100.0,98.856
2022-06-01,2022,6,Cerrado,29.87,29.87,29.888,496140,496140,494320,100.0,99.633
2022-07-01,2022,7,Cerrado,30.159,30.159,30.27,496070,496070,486167,100.0,98.004
2022-08-01,2022,8,Cerrado,33.532,33.532,33.541,496140,496140,495424,100.0,99.856
2022-09-01,2022,9,Cerrado,38.438,38.438,38.444,496026,496026,491252,100.0,99.038
2022-10-01,2022,10,Cerrado,35.55,35.55,36.171,269649,269649,162933,100.0,60.424
2022-11-01,2022,11,Cerrado,30.832,30.832,30.8,309320,309320,139108,100.0,44.972
2022-12-01,2022,12,Cerrado,29.768,29.768,30.222,273162,273162,111513,100.0,40.823
2023-01-01,2023,1,Cerrado,28.709,28.709,29.424,445231,445231,235789,100.0,52.959
2023-02-01,2023,2,Cerrado,29.501,29.501,29.725,490883,490883,385663,100.0,78.565
2023-03-01,2023,3,Cerrado,30.016,30.016,30.474,427262,427262,297267,100.0,69.575
2023-04-01,2023,4,Cerrado,30.196,30.196,30.211,480697,480697,356410,100.0,74.144
2023-05-01,2023,5,Cerrado,28.925,28.925,29.016,495705,495705,470766,100.0,94.969
2023-06-01,2023,6,Cerrado,28.93,28.93,28.952,496129,496129,493798,100.0,99.53
2023-07-01,2023,7,Cerrado,30.103,30.103,30.124,496070,496070,492635,100.0,99.308
2023-08-01,2023,8,Cerrado,33.436,33.436,33.463,496013,496013,481461,100.0,97.066
2023-09-01,2023,9,Cerrado,37.865,37.865,37.858,496133,496133,481607,100.0,97.072
2023-10-01,2023,10,Cerrado,38.777,38.777,38.708,488194,488194,419066,100.0,85.84
2023-11-01,2023,11,Cerrado,37.692,37.692,37.632,483508,483508,362529,100.0,74.979
2023-12-01,2023,12,Cerrado,35.634,35.634,35.52,449718,449718,331046,100.0,73.612
2024-01-01,2024,1,Cerrado,31.922,31.922,32.294,378551,378551,247734,100.0,65.443
2024-02-01,2024,2,Cerrado,27.921,27.921,28.379,410274,410274,299176,100.0,72.921
2024-03-01,2024,3,Cerrado,29.596,29.596,29.556,493034,493034,346638,100.0,70.307
2024-04-01,2024,4,Cerrado,29.21,29.21,29.355,481858,481858,312700,100.0,64.895
2024-05-01,2024,5,Cerrado,29.533,29.533,29.554,496140,496140,493267,100.0,99.421
2024-06-01,2024,6,Cerrado,28.201,28.201,28.271,495822,495822,488462,100.0,98.516
2024-07-01,2024,7,Cerrado,28.742,28.742,28.794,496139,496139,491521,100.0,99.069
2024-08-01,2024,8,Cerrado,32.325,32.325,32.361,496008,496008,492865,100.0,99.366
2024-09-01,2024,9,Cerrado,36.324,36.324,36.328,496138,496138,495827,100.0,99.937
2024-10-01,2024,10,Cerrado,35.798,35.798,35.971,431552,431552,285481,100.0,66.152
2024-11-01,2024,11,Cerrado,31.976,31.976,32.549,390354,390354,274793,100.0,70.396
2024-12-01,2024,12,Cerrado,30.619,30.619,30.776,457405,457405,329038,100.0,71.936
2025-01-01,2025,1,Cerrado,27.925,27.925,28.632,335646,335646,241917,100.0,72.075
2025-02-01,2025,2,Cerrado,27.636,27.636,28.084,492663,492663,368257,100.0,74.748
2025-03-01,2025,3,Cerrado,29.364,29.364,29.641,483145,483145,394545,100.0,81.662
2025-04-01,2025,4,Cerrado,28.196,28.196,28.507,460576,460576,338304,100.0,73.452
2025-05-01,2025,5,Cerrado,26.352,26.352,26.452,496023,496023,467233,100.0,94.196
2025-06-01,2025,6,Cerrado,26.229,26.229,26.271,496136,496136,486142,100.0,97.986
2025-07-01,2025,7,Cerrado,27.102,27.102,27.133,496137,496137,492880,100.0,99.344
2025-08-01,2025,8,Cerrado,29.35,29.35,29.412,495691,495691,489413,100.0,98.733
2025-09-01,2025,9,Cerrado,33.559,33.559,33.569,496140,496140,494612,100.0,99.692
2025-10-01,2025,10,Cerrado,35.187,35.187,35.255,443630,443630,389589,100.0,87.818
2025-11-01,2025,11,Cerrado,31.965,31.965,32.35,356891,356891,282548,100.0,79.169
2025-12-01,2025,12,Cerrado,28.736,28.736,29.026,360555,360555,255226,100.0,70.787
2001-01-01,2001,1,Caatinga,30.007,30.007,30.132,1571398,1571398,924044,100.0,58.804
2001-02-01,2001,2,Caatinga,33.496,33.496,33.352,1605724,1605724,1121494,100.0,69.844
2001-03-01,2001,3,Caatinga,31.604,31.604,31.692,1439199,1439199,831677,100.0,57.787
2001-04-01,2001,4,Caatinga,31.703,31.703,32.142,1415113,1415113,820513,100.0,57.982
2001-05-01,2001,5,Caatinga,32.87,32.87,33.158,1606689,1606689,1263346,100.0,78.63
2001-06-01,2001,6,Caatinga,29.457,29.457,30.739,732085,732085,447270,100.0,61.095
2001-07-01,2001,7,Caatinga,29.507,29.507,31.063,1590161,1590161,1012589,100.0,63.678
2001-08-01,2001,8,Caatinga,31.237,31.237,33.293,1492122,1492122,917126,100.0,61.465
2001-09-01,2001,9,Caatinga,36.935,36.935,37.526,1636517,1636517,1392192,100.0,85.07
2001-10-01,2001,10,Caatinga,38.155,38.155,38.781,1430458,1430458,994078,100.0,69.494
2001-11-01,2001,11,Caatinga,37.097,37.097,37.071,1480859,1480859,955935,100.0,64.553
2001-12-01,2001,12,Caatinga,34.488,34.488,34.551,1346380,1346380,734264,100.0,54.536
2002-01-01,2002,1,Caatinga,29.191,29.191,30.162,794504,794504,311448,100.0,39.2
2002-02-01,2002,2,Caatinga,29.309,29.309,29.665,1484539,1484539,973115,100.0,65.55
2002-03-01,2002,3,Caatinga,30.331,30.331,31.022,1171432,1171432,628589,100.0,53.66
2002-04-01,2002,4,Caatinga,30.975,30.975,31.639,1433333,1433333,781874,100.0,54.549
2002-05-01,2002,5,Caatinga,30.668,30.668,31.267,1595705,1595705,1207730,100.0,75.686
2002-06-01,2002,6,Caatinga,28.587,28.587,30.254,1465368,1465368,869315,100.0,59.324
2002-07-01,2002,7,Caatinga,30.503,30.503,31.599,1557346,1557346,1131851,100.0,72.678
2002-08-01,2002,8,Caatinga,32.007,32.007,33.511,1595574,1595574,1099691,100.0,68.921
2002-09-01,2002,9,Caatinga,36.012,36.012,36.827,1596082,1596082,1176715,100.0,73.725
2002-10-01,2002,10,Caatinga,38.811,38.811,39.276,1441778,1441778,1107328,100.0,76.803
2002-11-01,2002,11,Caatinga,37.994,37.994,37.772,1620350,1620350,1226472,100.0,75.692
2002-12-01,2002,12,Caatinga,35.686,35.686,35.987,1272330,1272330,888223,100.0,69.811
2003-01-01,2003,1,Caatinga,32.21,32.21,32.853,1152303,1152303,730309,100.0,63.378
2003-02-01,2003,2,Caatinga,31.059,31.059,31.187,1316263,1316263,654584,100.0,49.73
2003-03-01,2003,3,Caatinga,33.119,33.119,33.139,1491636,1491636,751850,100.0,50.404
2003-04-01,2003,4,Caatinga,31.968,31.968,31.832,1564288,1564288,970231,100.0,62.024
2003-05-01,2003,5,Caatinga,31.032,31.032,31.597,1529495,1529495,1086542,100.0,71.039
2003-06-01,2003,6,Caatinga,29.067,29.067,30.44,1527009,1527009,978102,100.0,64.053
2003-07-01,2003,7,Caatinga,28.936,28.936,30.751,1536872,1536872,947054,100.0,61.622
2003-08-01,2003,8,Caatinga,32.484,32.484,34.101,1498769,1498769,1022352,100.0,68.213
2003-09-01,2003,9,Caatinga,36.386,36.386,37.534,1585659,1585659,1206027,100.0,76.058
2003-10-01,2003,10,Caatinga,39.36,39.36,39.723,1431518,1431518,1077111,100.0,75.243
2003-11-01,2003,11,Caatinga,36.809,36.809,36.987,1528373,1528373,1041423,100.0,68.139
2003-12-01,2003,12,Caatinga,36.598,36.598,36.546,1300346,1300346,874990,100.0,67.289
2004-01-01,2004,1,Caatinga,34.177,34.177,34.125,865633,865633,496350,100.0,57.34
2004-02-01,2004,2,Caatinga,28.249,28.249,29.005,1264199,1264199,504899,100.0,39.938
2004-03-01,2004,3,Caatinga,28.206,28.206,28.836,1268176,1268176,487155,100.0,38.414
2004-04-01,2004,4,Caatinga,28.727,28.727,28.782,1500962,1500962,852180,100.0,56.776
2004-05-01,2004,5,Caatinga,28.197,28.197,28.717,1579298,1579298,1001182,100.0,63.394
2004-06-01,2004,6,Caatinga,27.49,27.49,28.353,1565742,1565742,975765,100.0,62.32
2004-07-01,2004,7,Caatinga,28.011,28.011,28.89,1553222,1553222,1002141,100.0,64.52
2004-08-01,2004,8,Caatinga,31.878,31.878,32.538,1585164,1585164,1224068,100.0,77.22
2004-09-01,2004,9,Caatinga,34.731,34.731,35.99,1576219,1576219,1011700,100.0,64.185
2004-10-01,2004,10,Caatinga,38.264,38.264,38.436,1572286,1572286,1155455,100.0,73.489
2004-11-01,2004,11,Caatinga,36.739,36.739,36.949,1429732,1429732,1050189,100.0,73.454
2004-12-01,2004,12,Caatinga,33.987,33.987,33.654,1608346,1608346,1097653,100.0,68.247
2005-01-01,2005,1,Caatinga,34.398,34.398,34.101,1538972,1538972,923799,100.0,60.027
2005-02-01,2005,2,Caatinga,30.782,30.782,31.024,1351603,1351603,728854,100.0,53.925
2005-03-01,2005,3,Caatinga,29.961,29.961,30.184,1491600,1491600,749444,100.0,50.244
2005-04-01,2005,4,Caatinga,28.516,28.516,29.175,1346861,1346861,731097,100.0,54.282
2005-05-01,2005,5,Caatinga,26.607,26.607,27.385,1476660,1476660,752363,100.0,50.95
2005-06-01,2005,6,Caatinga,27.107,27.107,28.086,1512468,1512468,990537,100.0,65.491
2005-07-01,2005,7,Caatinga,27.906,27.906,29.255,1547158,1547158,1036889,100.0,67.019
2005-08-01,2005,8,Caatinga,30.796,30.796,32.617,1603783,1603783,1025244,100.0,63.927
2005-09-01,2005,9,Caatinga,35.044,35.044,36.11,1573668,1573668,1095347,100.0,69.605
2005-10-01,2005,10,Caatinga,38.905,38.905,39.186,1653531,1653531,1333461,100.0,80.643
2005-11-01,2005,11,Caatinga,35.533,35.533,36.075,1340975,1340975,903687,100.0,67.39
2005-12-01,2005,12,Caatinga,31.629,31.629,32.229,1129745,1129745,641678,100.0,56.798
2006-01-01,2006,1,Caatinga,31.969,31.969,32.19,1253048,1253048,741506,100.0,59.176
2006-02-01,2006,2,Caatinga,33.87,33.87,33.865,1495040,1495040,757580,100.0,50.673
2006-03-01,2006,3,Caatinga,30.274,30.274,30.631,1050573,1050573,416285,100.0,39.625
2006-04-01,2006,4,Caatinga,27.098,27.098,27.564,1164674,1164674,374011,100.0,32.113
2006-05-01,2006,5,Caatinga,27.381,27.381,27.8,1492045,1492045,1002994,100.0,67.223
2006-06-01,2006,6,Caatinga,26.423,26.423,27.382,1418825,1418825,921114,100.0,64.921
2006-07-01,2006,7,Caatinga,27.778,27.778,28.519,1615950,1615950,1201022,100.0,74.323
2006-08-01,2006,8,Caatinga,31.345,31.345,32.457,1635021,1635021,1234629,100.0,75.512
2006-09-01,2006,9,Caatinga,34.734,34.734,35.953,1525168,1525168,1100223,100.0,72.138
2006-10-01,2006,10,Caatinga,36.396,36.396,37.132,1365435,1365435,834125,100.0,61.089
2006-11-01,2006,11,Caatinga,31.612,31.612,32.407,1536332,1536332,936326,100.0,60.946
2006-12-01,2006,12,Caatinga,33.049,33.049,33.295,1503285,1503285,962150,100.0,64.003
2007-01-01,2007,1,Caatinga,33.791,33.791,33.747,1436594,1436594,915876,100.0,63.753
2007-02-01,2007,2,Caatinga,30.933,30.933,30.853,1272984,1272984,688719,100.0,54.103
2007-03-01,2007,3,Caatinga,28.058,28.058,29.097,1499247,1499247,638686,100.0,42.6
2007-04-01,2007,4,Caatinga,29.965,29.965,30.652,1421390,1421390,941276,100.0,66.222
2007-05-01,2007,5,Caatinga,30.193,30.193,31.0,1521721,1521721,1052613,100.0,69.173
2007-06-01,2007,6,Caatinga,28.597,28.597,29.664,1588444,1588444,1071584,100.0,67.461
2007-07-01,2007,7,Caatinga,29.144,29.144,30.603,1568845,1568845,1063524,100.0,67.79
2007-08-01,2007,8,Caatinga,30.751,30.751,32.433,1610828,1610828,1024674,100.0,63.612
2007-09-01,2007,9,Caatinga,34.42,34.42,35.777,1528917,1528917,1099855,100.0,71.937
2007-10-01,2007,10,Caatinga,39.321,39.321,39.532,1620099,1620099,1404764,100.0,86.709
2007-11-01,2007,11,Caatinga,38.488,38.488,38.597,1290711,1290711,945883,100.0,73.284
2007-12-01,2007,12,Caatinga,33.477,33.477,33.225,1568711,1568711,1107948,100.0,70.628
2008-01-01,2008,1,Caatinga,33.863,33.863,33.821,1612066,1612066,1155960,100.0,71.707
2008-02-01,2008,2,Caatinga,33.345,33.345,33.263,1526871,1526871,990660,100.0,64.882
2008-03-01,2008,3,Caatinga,30.298,30.298,31.251,1204354,1204354,553919,100.0,45.993
2008-04-01,2008,4,Caatinga,28.201,28.201,28.519,1313222,1313222,628293,100.0,47.844
2008-05-01,2008,5,Caatinga,28.432,28.432,28.842,1530778,1530778,1035061,100.0,67.617
2008-06-01,2008,6,Caatinga,27.753,27.753,28.665,1579818,1579818,1015443,100.0,64.276
2008-07-01,2008,7,Caatinga,28.448,28.448,29.199,1638387,1638387,1220295,100.0,74.481
2008-08-01,2008,8,Caatinga,31.49,31.49,32.856,1600898,1600898,1052370,100.0,65.736
2008-09-01,2008,9,Caatinga,36.215,36.215,36.764,1584850,1584850,1270371,100.0,80.157
2008-10-01,2008,10,Caatinga,39.403,39.403,39.831,1613505,1613505,1332171,100.0,82.564
2008-11-01,2008,11,Caatinga,38.384,38.384,38.947,1242655,1242655,682435,100.0,54.917
2008-12-01,2008,12,Caatinga,32.065,32.065,32.293,1276835,1276835,695067,100.0,54.437
2009-01-01,2009,1,Caatinga,31.847,31.847,32.166,1510104,1510104,897061,100.0,59.404
2009-02-01,2009,2,Caatinga,31.317,31.317,31.057,1400740,1400740,725612,100.0,51.802
2009-03-01,2009,3,Caatinga,32.145,32.145,32.348,1441690,1441690,713881,100.0,49.517
2009-04-01,2009,4,Caatinga,29.261,29.261,29.75,1201502,1201502,455260,100.0,37.891
2009-05-01,2009,5,Caatinga,26.92,26.92,27.381,1260599,1260599,800016,100.0,63.463
2009-06-01,2009,6,Caatinga,26.969,26.969,27.851,1506857,1506857,855120,100.0,56.749
2009-07-01,2009,7,Caatinga,28.661,28.661,30.035,1571399,1571399,921534,100.0,58.644
2009-08-01,2009,8,Caatinga,32.052,32.052,33.241,1549442,1549442,1106462,100.0,71.41
2009-09-01,2009,9,Caatinga,37.184,37.184,37.707,1633577,1633577,1330913,100.0,81.472
2009-10-01,2009,10,Caatinga,34.095,34.095,34.744,1221712,1221712,695259,100.0,56.909
2009-11-01,2009,11,Caatinga,34.528,34.528,34.399,1609917,1609917,1224472,100.0,76.058
2009-12-01,2009,12,Caatinga,34.053,34.053,34.077,1235465,1235465,794663,100.0,64.321
2010-01-01,2010,1,Caatinga,31.411,31.411,31.538,1267910,1267910,594677,100.0,46.902
2010-02-01,2010,2,Caatinga,33.771,33.771,33.879,1447950,1447950,864952,100.0,59.736
2010-03-01,2010,3,Caatinga,31.734,31.734,31.933,1459328,1459328,866548,100.0,59.38
2010-04-01,2010,4,Caatinga,28.63,28.63,29.127,1367047,1367047,691926,100.0,50.615
2010-05-01,2010,5,Caatinga,30.512,30.512,30.838,1624256,1624256,1225456,100.0,75.447
2010-06-01,2010,6,Caatinga,29.319,29.319,29.95,1519821,1519821,1136733,100.0,74.794
2010-07-01,2010,7,Caatinga,27.956,27.956,29.842,1576774,1576774,906740,100.0,57.506
2010-08-01,2010,8,Caatinga,30.954,30.954,32.212,1623316,1623316,1179466,100.0,72.658
2010-09-01,2010,9,Caatinga,35.384,35.384,36.778,1590148,1590148,1168588,100.0,73.489
2010-10-01,2010,10,Caatinga,37.15,37.15,37.379,1568239,1568239,1146557,100.0,73.111
2010-11-01,2010,11,Caatinga,35.128,35.128,35.445,1459160,1459160,941620,100.0,64.532
2010-12-01,2010,12,Caatinga,31.853,31.853,32.349,1221387,1221387,732970,100.0,60.011
2011-01-01,2011,1,Caatinga,30.981,30.981,31.248,1353588,1353588,831943,100.0,61.462
2011-02-01,2011,2,Caatinga,31.054,31.054,31.245,1168475,1168475,456291,100.0,39.05
2011-03-01,2011,3,Caatinga,29.122,29.122,29.589,1046794,1046794,282400,100.0,26.978
2011-04-01,2011,4,Caatinga,28.621,28.621,28.76,1455539,1455539,760044,100.0,52.217
2011-05-01,2011,5,Caatinga,28.233,28.233,28.939,1296082,1296082,829401,100.0,63.993
2011-06-01,2011,6,Caatinga,29.534,29.534,30.038,1611235,1611235,1208603,100.0,75.011
2011-07-01,2011,7,Caatinga,30.027,30.027,30.697,1607079,1607079,1195164,100.0,74.369
2011-08-01,2011,8,Caatinga,32.659,32.659,33.414,1651026,1651026,1240895,100.0,75.159
2011-09-01,2011,9,Caatinga,35.284,35.284,36.079,1500096,1500096,1072634,100.0,71.504
2011-10-01,2011,10,Caatinga,36.124,36.124,36.672,1220330,1220330,756462,100.0,61.988
2011-11-01,2011,11,Caatinga,32.863,32.863,33.293,1366999,1366999,675183,100.0,49.392
2011-12-01,2011,12,Caatinga,33.402,33.402,33.631,1494488,1494488,929339,100.0,62.184
2012-01-01,2012,1,Caatinga,32.731,32.731,32.674,1436043,1436043,815520,100.0,56.789
2012-02-01,2012,2,Caatinga,32.565,32.565,32.558,1226230,1226230,669537,100.0,54.601
2012-03-01,2012,3,Caatinga,34.995,34.995,34.95,1612780,1612780,1100879,100.0,68.26
2012-04-01,2012,4,Caatinga,34.634,34.634,34.494,1605399,1605399,1183145,100.0,73.698
2012-05-01,2012,5,Caatinga,32.763,32.763,33.026,1428825,1428825,1020741,100.0,71.439
2012-06-01,2012,6,Caatinga,31.176,31.176,31.897,1598069,1598069,1109544,100.0,69.43
2012-07-01,2012,7,Caatinga,30.314,30.314,31.527,1556849,1556849,1042574,100.0,66.967
2012-08-01,2012,8,Caatinga,31.669,31.669,32.942,1539872,1539872,1083634,100.0,70.372
2012-09-01,2012,9,Caatinga,36.782,36.782,37.427,1624549,1624549,1320990,100.0,81.314
2012-10-01,2012,10,Caatinga,40.578,40.578,41.022,1513498,1513498,1122903,100.0,74.193
2012-11-01,2012,11,Caatinga,36.112,36.112,35.94,1283786,1283786,713051,100.0,55.543
2012-12-01,2012,12,Caatinga,36.331,36.331,35.714,1566426,1566426,1153718,100.0,73.653
2013-01-01,2013,1,Caatinga,35.814,35.814,35.879,1233035,1233035,763970,100.0,61.959
2013-02-01,2013,2,Caatinga,33.662,33.662,33.511,1539198,1539198,990796,100.0,64.371
2013-03-01,2013,3,Caatinga,35.603,35.603,35.469,1391851,1391851,895438,100.0,64.334
2013-04-01,2013,4,Caatinga,32.163,32.163,31.783,1413930,1413930,902018,100.0,63.795
2013-05-01,2013,5,Caatinga,31.413,31.413,32.047,1519118,1519118,993375,100.0,65.392
2013-06-01,2013,6,Caatinga,30.635,30.635,31.838,1479277,1479277,979927,100.0,66.244
2013-07-01,2013,7,Caatinga,30.651,30.651,32.107,1568694,1568694,1113930,100.0,71.01
2013-08-01,2013,8,Caatinga,32.68,32.68,34.34,1586291,1586291,1092727,100.0,68.886
2013-09-01,2013,9,Caatinga,37.129,37.129,38.128,1562188,1562188,1214968,100.0,77.773
2013-10-01,2013,10,Caatinga,38.117,38.117,38.784,1457087,1457087,996164,100.0,68.367
2013-11-01,2013,11,Caatinga,36.93,36.93,37.067,1544371,1544371,1013821,100.0,65.646
2013-12-01,2013,12,Caatinga,33.778,33.778,34.081,1201924,1201924,733382,100.0,61.017
2014-01-01,2014,1,Caatinga,31.563,31.563,31.7,1389903,1389903,807967,100.0,58.131
2014-02-01,2014,2,Caatinga,32.389,32.389,32.63,1397010,1397010,647210,100.0,46.328
2014-03-01,2014,3,Caatinga,31.784,31.784,32.204,1161208,1161208,529724,100.0,45.618
2014-04-01,2014,4,Caatinga,31.375,31.375,31.328,1519471,1519471,892149,100.0,58.714
2014-05-01,2014,5,Caatinga,29.925,29.925,30.454,1529243,1529243,1108300,100.0,72.474
2014-06-01,2014,6,Caatinga,29.589,29.589,30.519,1566716,1566716,1092825,100.0,69.753
2014-07-01,2014,7,Caatinga,29.422,29.422,31.273,1439044,1439044,829397,100.0,57.635
2014-08-01,2014,8,Caatinga,32.182,32.182,33.685,1628443,1628443,1124724,100.0,69.067
2014-09-01,2014,9,Caatinga,36.362,36.362,37.462,1558749,1558749,1153506,100.0,74.002
2014-10-01,2014,10,Caatinga,38.892,38.892,39.619,1542671,1542671,1107232,100.0,71.774
2014-11-01,2014,11,Caatinga,34.329,34.329,34.778,1303438,1303438,657788,100.0,50.466
2014-12-01,2014,12,Caatinga,31.58,31.58,32.347,1181255,1181255,623770,100.0,52.806
2015-01-01,2015,1,Caatinga,32.275,32.275,32.669,1497055,1497055,936920,100.0,62.584
2015-02-01,2015,2,Caatinga,33.016,33.016,33.552,1234055,1234055,728247,100.0,59.013
2015-03-01,2015,3,Caatinga,32.479,32.479,32.877,1518904,1518904,858949,100.0,56.551
2015-04-01,2015,4,Caatinga,32.714,32.714,33.023,1338563,1338563,746158,100.0,55.743
2015-05-01,2015,5,Caatinga,29.652,29.652,30.195,1482560,1482560,974375,100.0,65.722
2015-06-01,2015,6,Caatinga,28.653,28.653,30.288,1421639,1421639,889785,100.0,62.589
2015-07-01,2015,7,Caatinga,29.648,29.648,31.468,1544757,1544757,984860,100.0,63.755
2015-08-01,2015,8,Caatinga,32.738,32.738,33.876,1626306,1626306,1170328,100.0,71.962
2015-09-01,2015,9,Caatinga,38.12,38.12,39.112,1645915,1645915,1300593,100.0,79.019
2015-10-01,2015,10,Caatinga,40.827,40.827,41.476,1632916,1632916,1310849,100.0,80.277
2015-11-01,2015,11,Caatinga,41.24,41.24,41.07,1625359,1625359,1322843,100.0,81.388
2015-12-01,2015,12,Caatinga,39.148,39.148,39.14,1401854,1401854,1036077,100.0,73.908
2016-01-01,2016,1,Caatinga,33.803,33.803,34.777,827802,827802,296470,100.0,35.814
2016-02-01,2016,2,Caatinga,30.462,30.462,31.142,1357066,1357066,839721,100.0,61.878
2016-03-01,2016,3,Caatinga,32.677,32.677,32.992,1490369,1490369,921243,100.0,61.813
2016-04-01,2016,4,Caatinga,32.732,32.732,33.075,1544001,1544001,1002197,100.0,64.909
2016-05-01,2016,5,Caatinga,32.15,32.15,32.536,1532188,1532188,1147337,100.0,74.882
2016-06-01,2016,6,Caatinga,30.434,30.434,31.062,1581454,1581454,1160397,100.0,73.375
2016-07-01,2016,7,Caatinga,30.383,30.383,31.558,1610471,1610471,1095580,100.0,68.029
2016-08-01,2016,8,Caatinga,33.904,33.904,34.707,1603826,1603826,1251462,100.0,78.03
2016-09-01,2016,9,Caatinga,37.338,37.338,38.116,1557223,1557223,1198379,100.0,76.956
2016-10-01,2016,10,Caatinga,37.945,37.945,39.035,1570799,1570799,1084101,100.0,69.016
2016-11-01,2016,11,Caatinga,37.557,37.557,37.578,1320924,1320924,873400,100.0,66.12
2016-12-01,2016,12,Caatinga,34.786,34.786,34.553,1411496,1411496,746592,100.0,52.894
2017-01-01,2017,1,Caatinga,36.182,36.182,35.901,1490308,1490308,938553,100.0,62.977
2017-02-01,2017,2,Caatinga,34.227,34.227,34.165,1081926,1081926,528177,100.0,48.818
2017-03-01,2017,3,Caatinga,35.29,35.29,35.099,1496359,1496359,951825,100.0,63.609
2017-04-01,2017,4,Caatinga,31.719,31.719,31.909,1440528,1440528,885038,100.0,61.438
2017-05-01,2017,5,Caatinga,32.301,32.301,32.874,1566931,1566931,1143305,100.0,72.965
2017-06-01,2017,6,Caatinga,30.294,30.294,31.651,1507106,1507106,1003237,100.0,66.567
2017-07-01,2017,7,Caatinga,28.454,28.454,30.197,1522186,1522186,932599,100.0,61.267
2017-08-01,2017,8,Caatinga,33.352,33.352,34.601,1590179,1590179,1158543,100.0,72.856
2017-09-01,2017,9,Caatinga,34.73,34.73,37.453,1525523,1525523,922893,100.0,60.497
2017-10-01,2017,10,Caatinga,39.326,39.326,40.22,1450331,1450331,1022349,100.0,70.491
2017-11-01,2017,11,Caatinga,37.987,37.987,37.89,1527598,1527598,1003247,100.0,65.675
2017-12-01,2017,12,Caatinga,35.219,35.219,35.231,1372900,1372900,796404,100.0,58.009
2018-01-01,2018,1,Caatinga,35.017,35.017,34.989,1560215,1560215,821047,100.0,52.624
2018-02-01,2018,2,Caatinga,31.966,31.966,32.12,1002118,1002118,378065,100.0,37.727
2018-03-01,2018,3,Caatinga,30.644,30.644,30.847,1241644,1241644,515908,100.0,41.55
2018-04-01,2018,4,Caatinga,29.805,29.805,29.879,1396755,1396755,633652,100.0,45.366
2018-05-01,2018,5,Caatinga,30.237,30.237,31.133,1491622,1491622,942611,100.0,63.194
2018-06-01,2018,6,Caatinga,29.332,29.332,30.735,1557403,1557403,934835,100.0,60.025
2018-07-01,2018,7,Caatinga,30.515,30.515,31.79,1586420,1586420,1022432,100.0,64.449
2018-08-01,2018,8,Caatinga,34.232,34.232,35.104,1576124,1576124,1196869,100.0,75.937
2018-09-01,2018,9,Caatinga,37.771,37.771,38.393,1632299,1632299,1257074,100.0,77.012
2018-10-01,2018,10,Caatinga,40.524,40.524,40.733,1549530,1549530,1086069,100.0,70.09
2018-11-01,2018,11,Caatinga,34.04,34.04,34.562,1097715,1097715,529346,100.0,48.223
2018-12-01,2018,12,Caatinga,31.943,31.943,32.571,1478946,1478946,889099,100.0,60.117
2019-01-01,2019,1,Caatinga,33.906,33.906,34.191,1468001,1468001,918160,100.0,62.545
2019-02-01,2019,2,Caatinga,34.621,34.621,34.499,1437415,1437415,870054,100.0,60.529
2019-03-01,2019,3,Caatinga,33.145,33.145,33.25,1464827,1464827,867141,100.0,59.198
2019-04-01,2019,4,Caatinga,29.898,29.898,30.294,1451343,1451343,748241,100.0,51.555
2019-05-01,2019,5,Caatinga,31.454,31.454,31.912,1601915,1601915,1114781,100.0,69.591
2019-06-01,2019,6,Caatinga,29.616,29.616,30.796,1619918,1619918,1067186,100.0,65.879
2019-07-01,2019,7,Caatinga,30.405,30.405,31.464,1613944,1613944,1233446,100.0,76.424
2019-08-01,2019,8,Caatinga,31.955,31.955,33.794,1594571,1594571,1060168,100.0,66.486
2019-09-01,2019,9,Caatinga,36.463,36.463,38.093,1560462,1560462,1109736,100.0,71.116
2019-10-01,2019,10,Caatinga,40.2,40.2,40.29,1648641,1648641,1391594,100.0,84.409
2019-11-01,2019,11,Caatinga,40.442,40.442,40.45,1606202,1606202,1199197,100.0,74.66
2019-12-01,2019,12,Caatinga,38.258,38.258,37.922,1382585,1382585,937654,100.0,67.819
2020-01-01,2020,1,Caatinga,33.904,33.904,33.603,1068491,1068491,609250,100.0,57.02
2020-02-01,2020,2,Caatinga,31.247,31.247,31.722,1285036,1285036,740458,100.0,57.622
2020-03-01,2020,3,Caatinga,29.758,29.758,29.917,1088455,1088455,471613,100.0,43.329
2020-04-01,2020,4,Caatinga,28.316,28.316,28.602,1345884,1345884,758843,100.0,56.382
2020-05-01,2020,5,Caatinga,27.099,27.099,27.662,1406298,1406298,782547,100.0,55.646
2020-06-01,2020,6,Caatinga,26.767,26.767,27.789,1564440,1564440,961146,100.0,61.437
2020-07-01,2020,7,Caatinga,27.342,27.342,28.803,1607128,1607128,947332,100.0,58.946
2020-08-01,2020,8,Caatinga,30.242,30.242,32.235,1562836,1562836,998553,100.0,63.894
2020-09-01,2020,9,Caatinga,35.141,35.141,36.407,1638204,1638204,1249370,100.0,76.265
2020-10-01,2020,10,Caatinga,38.428,38.428,38.963,1241149,1241149,953072,100.0,76.789
2020-11-01,2020,11,Caatinga,30.94,30.94,31.538,1290730,1290730,684950,100.0,53.067
2020-12-01,2020,12,Caatinga,32.587,32.587,32.765,1545169,1545169,960850,100.0,62.184
2021-01-01,2021,1,Caatinga,32.896,32.896,33.344,1362574,1362574,792495,100.0,58.162
2021-02-01,2021,2,Caatinga,32.572,32.572,32.464,1242029,1242029,662839,100.0,53.367
2021-03-01,2021,3,Caatinga,32.445,32.445,32.15,1615765,1615765,1121101,100.0,69.385
2021-04-01,2021,4,Caatinga,31.673,31.673,31.787,1472796,1472796,877660,100.0,59.591
2021-05-01,2021,5,Caatinga,29.912,29.912,30.586,1577611,1577611,1139105,100.0,72.204
2021-06-01,2021,6,Caatinga,29.456,29.456,30.685,1522744,1522744,998702,100.0,65.586
2021-07-01,2021,7,Caatinga,29.995,29.995,31.274,1507758,1507758,1095402,100.0,72.651
2021-08-01,2021,8,Caatinga,32.085,32.085,33.438,1572789,1572789,1083173,100.0,68.87
2021-09-01,2021,9,Caatinga,37.558,37.558,38.058,1621945,1621945,1327792,100.0,81.864
2021-10-01,2021,10,Caatinga,38.325,38.325,39.077,1227792,1227792,885516,100.0,72.123
2021-11-01,2021,11,Caatinga,31.756,31.756,32.342,1246282,1246282,609418,100.0,48.899
2021-12-01,2021,12,Caatinga,29.629,29.629,30.334,796664,796664,303407,100.0,38.085
2022-01-01,2022,1,Caatinga,28.413,28.413,28.749,1150289,1150289,581255,100.0,50.531
2022-02-01,2022,2,Caatinga,29.049,29.049,29.453,1458912,1458912,610835,100.0,41.869
2022-03-01,2022,3,Caatinga,28.878,28.878,29.453,1340379,1340379,645376,100.0,48.149
2022-04-01,2022,4,Caatinga,30.262,30.262,30.796,1510987,1510987,892607,100.0,59.074
2022-05-01,2022,5,Caatinga,29.011,29.011,29.574,1533275,1533275,1047959,100.0,68.348
2022-06-01,2022,6,Caatinga,28.404,28.404,29.184,1592228,1592228,1181150,100.0,74.182
2022-07-01,2022,7,Caatinga,28.16,28.16,29.886,1519345,1519345,921574,100.0,60.656
2022-08-01,2022,8,Caatinga,30.793,30.793,32.206,1550916,1550916,1096978,100.0,70.731
2022-09-01,2022,9,Caatinga,35.968,35.968,36.622,1640229,1640229,1392211,100.0,84.879
2022-10-01,2022,10,Caatinga,37.107,37.107,37.498,831400,831400,598217,100.0,71.953
2022-11-01,2022,11,Caatinga,30.107,30.107,30.737,924729,924729,439321,100.0,47.508
2022-12-01,2022,12,Caatinga,28.592,28.592,29.207,1361812,1361812,775194,100.0,56.924
2023-01-01,2023,1,Caatinga,28.235,28.235,28.821,1374580,1374580,655693,100.0,47.701
2023-02-01,2023,2,Caatinga,30.03,30.03,29.988,1550007,1550007,952465,100.0,61.449
2023-03-01,2023,3,Caatinga,30.331,30.331,30.911,1290385,1290385,675907,100.0,52.38
2023-04-01,2023,4,Caatinga,29.989,29.989,30.381,1548184,1548184,995619,100.0,64.309
2023-05-01,2023,5,Caatinga,28.014,28.014,28.851,1359418,1359418,836313,100.0,61.52
2023-06-01,2023,6,Caatinga,27.756,27.756,28.946,1502741,1502741,984478,100.0,65.512
2023-07-01,2023,7,Caatinga,28.793,28.793,29.818,1520045,1520045,1030987,100.0,67.826
2023-08-01,2023,8,Caatinga,31.938,31.938,32.816,1579186,1579186,1198756,100.0,75.91
2023-09-01,2023,9,Caatinga,35.605,35.605,36.345,1565587,1565587,1271313,100.0,81.204
2023-10-01,2023,10,Caatinga,37.777,37.777,38.122,1599376,1599376,1198225,100.0,74.918
2023-11-01,2023,11,Caatinga,38.164,38.164,38.096,1631804,1631804,1319053,100.0,80.834
2023-12-01,2023,12,Caatinga,36.215,36.215,36.191,1538641,1538641,1086465,100.0,70.612
2024-01-01,2024,1,Caatinga,33.111,33.111,33.327,1373463,1373463,793460,100.0,57.771
2024-02-01,2024,2,Caatinga,28.525,28.525,28.934,1331836,1331836,734932,100.0,55.182
2024-03-01,2024,3,Caatinga,28.85,28.85,28.947,1616226,1616226,1002691,100.0,62.039
2024-04-01,2024,4,Caatinga,27.638,27.638,28.109,1387621,1387621,645554,100.0,46.522
2024-05-01,2024,5,Caatinga,27.785,27.785,28.656,1549835,1549835,1007874,100.0,65.031
2024-06-01,2024,6,Caatinga,26.355,26.355,27.583,1497356,1497356,894674,100.0,59.75
2024-07-01,2024,7,Caatinga,26.413,26.413,27.666,1599530,1599530,943971,100.0,59.016
2024-08-01,2024,8,Caatinga,29.56,29.56,30.732,1607891,1607891,1130759,100.0,70.326
2024-09-01,2024,9,Caatinga,32.642,32.642,33.838,1609819,1609819,1128276,100.0,70.087
2024-10-01,2024,10,Caatinga,35.363,35.363,35.825,1415028,1415028,1052417,100.0,74.374
2024-11-01,2024,11,Caatinga,32.729,32.729,32.825,1323109,1323109,886301,100.0,66.986
2024-12-01,2024,12,Caatinga,32.64,32.64,32.641,1534631,1534631,1088954,100.0,70.959
2025-01-01,2025,1,Caatinga,29.65,29.65,30.256,1223288,1223288,898347,100.0,73.437
2025-02-01,2025,2,Caatinga,28.45,28.45,28.797,1555658,1555658,798960,100.0,51.358
2025-03-01,2025,3,Caatinga,29.788,29.788,30.456,1489611,1489611,900990,100.0,60.485
2025-04-01,2025,4,Caatinga,30.374,30.374,30.692,1525875,1525875,1077390,100.0,70.608
2025-05-01,2025,5,Caatinga,26.638,26.638,27.552,1433663,1433663,886304,100.0,61.821
2025-06-01,2025,6,Caatinga,25.782,25.782,26.4,1537174,1537174,1150960,100.0,74.875
2025-07-01,2025,7,Caatinga,25.884,25.884,27.016,1543592,1543592,1061700,100.0,68.781
2025-08-01,2025,8,Caatinga,27.671,27.671,29.053,1561711,1561711,1012392,100.0,64.826
2025-09-01,2025,9,Caatinga,30.808,30.808,31.869,1542306,1542306,1081908,100.0,70.149
2025-10-01,2025,10,Caatinga,33.362,33.362,34.215,1504825,1504825,1034278,100.0,68.731
2025-11-01,2025,11,Caatinga,31.509,31.509,31.982,1413748,1413748,981620,100.0,69.434
2025-12-01,2025,12,Caatinga,29.418,29.418,30.058,1272555,1272555,803719,100.0,63.158
