ano;mes;ONI;FMA_PSN;Cerrado_PSN;Caatinga_PSN;FMA_Evap;Cerrado_Evap;Caatinga_Evap;FMA_PET;Cerrado_PET;Caatinga_PET;FMA_IDA;Cerrado_IDA;Caatinga_IDA;FMA_Temp;Cerrado_Temp;Caatinga_Temp;FMA_Precip;Cerrado_Precip;Caatinga_Precip;FMA_AreaQueimada;Cerrado_AreaQueimada;Caatinga_AreaQueimada
2001;1;-0,76;161,6541;133,7422;133,5361;116,8653;92,6071;106,2291;217,5747;218,4159;219,3035;0,5371;0,424;0,4844;29,1096;31,5003;30,0072;49,6895;58,3005;28,6896;5200,0;7850,0;7025,0
2001;2;-0,54;134,8238;84,1919;75,7057;107,799;82,4445;76,8603;241,1154;249,1432;240,687;0,4471;0,3309;0,3193;32,001;31,3417;33,4961;43,9821;104,0196;36,2057;12050,0;1775,0;275,0
2001;3;-0,43;126,124;100,2236;94,112;110,4488;88,6509;81,7372;206,1173;202,1379;214,0357;0,5359;0,4386;0,3819;29,1372;30,2458;31,604;112,1279;163,1524;94,5384;50,0;10825,0;250,0
2001;4;-0,29;134,8856;82,8162;88,9669;115,5542;69,7852;68,5096;201,6987;227,4796;216,0492;0,5729;0,3068;0,3171;27,8492;30,7771;31,7033;79,9661;38,3165;28,215;0,0;15850,0;125,0
2001;5;-0,19;112,7375;49,6629;61,589;99,1285;42,2946;43,0266;161,3049;209,7364;197,5063;0,6145;0,2017;0,2178;27,7659;30,7237;32,8695;104,4185;21,5359;21,1658;0,0;6350,0;325,0
2001;6;-0,08;128,5406;71,355;76,5573;85,8443;35,9076;36,7496;142,1115;195,1987;174,4009;0,6041;0,184;0,2107;24,1966;29,4078;29,457;118,4004;1,0723;36,0094;0,0;10350,0;3475,0
2001;7;-0,05;135,6736;58,6063;75,5775;85,7563;26,8873;35,157;146,7145;213,5746;186,0688;0,5845;0,1259;0,1889;24,328;30,3744;29,5065;97,9959;1,2406;20,2575;0,0;66275,0;2600,0
2001;8;-0,13;141,8455;50,8249;71,1243;88,304;26,1078;34,2609;163,6012;232,1966;203,963;0,5398;0,1124;0,168;24,6058;33,2247;31,2375;97,0637;1,2968;24,5272;0,0;246375,0;22475,0
2001;9;-0,15;149,9371;3,4221;49,5002;97,49;16,1168;27,7706;200,3869;269,3919;243,8408;0,4865;0,0598;0,1139;28,9842;38,3086;36,9353;80,5712;13,6309;20,8163;0,0;481525,0;40650,0
2001;10;-0,26;148,2268;56,4236;61,3882;111,7316;48,2346;43,9959;204,8344;234,4881;242,7132;0,5455;0,2057;0,1813;29,2663;35,3977;38,1546;153,9614;128,3884;60,3811;200,0;176450,0;62375,0
2001;11;-0,33;148,3619;85,0236;67,9367;115,3365;72,4289;57,0932;222,4618;233,3355;241,2405;0,5185;0,3104;0,2367;30,804;33,5968;37,097;75,3584;195,4114;57,7101;0,0;16850,0;5625,0
2001;12;-0,32;133,3912;86,6999;71,4924;104,5851;69,4243;59,1801;193,7108;208,3852;215,7339;0,5399;0,3332;0,2743;29,2887;32,8353;34,4882;141,7928;174,196;120,8792;0,0;0,0;0,0
2002;1;-0,15;127,4268;123,4223;119,0026;109,8093;100,6081;101,7676;169,6583;180,2731;186,3313;0,6472;0,5581;0,5462;27,161;28,86;29,1911;243,5619;211,335;277,4654;0,0;3000,0;775,0
2002;2;0,07;175,2254;128,5482;150,7544;124,3747;105,0129;125,9368;227,338;236,7765;241,0419;0,5471;0,4435;0,5225;29,021;29,2116;29,3091;138,6198;119,5435;100,7217;0,0;10475,0;100,0
2002;3;0,11;158,6779;69,8906;96,7163;118,7836;67,377;83,0697;217,7418;227,5502;230,691;0,5455;0,2961;0,3601;27,0913;31,5137;30,3312;83,049;79,4474;25,1821;0,0;10875,0;25,0
2002;4;0,15;148,6969;82,1981;89,8385;112,4202;65,5489;69,4812;198,4376;223,4233;213,3479;0,5665;0,2934;0,3257;27,3975;30,7058;30,9749;74,854;54,275;31,8663;0,0;3525,0;0,0
2002;5;0,3;134,161;48,0834;76,4822;98,3349;36,9586;47,8945;166,66;213,4331;194,972;0,59;0,1732;0,2456;26,2843;31,062;30,6678;87,968;24,8791;30,5902;1275,0;17225,0;1150,0
2002;6;0,45;121,4911;59,9388;76,0609;85,2178;31,1076;38,7574;140,0278;194,5282;171,9483;0,6086;0,1599;0,2254;23,7082;29,6377;28,5868;104,6585;0,8728;24,7712;50,0;21700,0;350,0
2002;7;0,57;135,3717;41,3217;68,6364;86,5657;24,1304;32,6079;149,6473;215,04;192,2867;0,5785;0,1122;0,1696;24,2932;31,8146;30,5025;92,1151;2,5576;17,8122;25,0;63450,0;1550,0
2002;8;0,63;134,7345;40,3063;62,229;86,5247;22,512;28,8733;167,6365;237,5869;213,2429;0,5161;0,0948;0,1354;25,2747;34,301;32,0071;82,1798;0,7135;16,8882;200,0;383175,0;10050,0
2002;9;0,78;154,9625;25,7902;56,2908;100,0989;24,0829;31,1252;201,405;250,6882;238,7312;0,497;0,0961;0,1304;27,5314;37,1175;36,0124;113,3755;35,2464;38,6783;1575,0;690550,0;52550,0
2002;10;0,99;137,4912;13,9994;43,7257;100,6244;30,7268;33,6714;219,1869;247,5134;243,9864;0,4591;0,1241;0,138;31,2968;39,627;38,8113;30,3838;40,426;10,8033;15000,0;361850,0;40825,0
2002;11;1,19;141,4724;48,9115;63,3814;103,9274;47,6381;45,694;231,1961;262,1673;253,3178;0,4495;0,1817;0,1804;31,9445;39,1298;37,9945;71,333;100,5474;51,2515;11500,0;41475,0;14575,0
2002;12;1,08;98,3714;63,0327;59,5637;86,7938;63,451;51,0218;191,1931;183,0518;201,8484;0,454;0,3466;0,2528;32,5588;32,581;35,6863;156,369;276,4993;151,94;33100,0;9975,0;6450,0
2003;1;0,9;111,4703;102,0313;88,1197;99,2413;89,838;81,1341;195,3377;177,4825;202,9383;0,508;0,5062;0,3998;31,0521;29,3792;32,2105;60,3282;205,4171;110,735;5525,0;3875,0;2250,0
2003;2;0,59;138,167;138,6714;108,6097;102,7038;105,303;84,9794;233,7687;217,1459;231,5122;0,4393;0,4849;0,3671;29,7679;30,8018;31,0593;53,9141;113,7282;32,4914;6000,0;9300,0;4325,0
2003;3;0,38;117,1388;112,8005;93,3428;95,715;97,3572;74,3419;212,3902;196,6425;220,3277;0,4507;0,4951;0,3374;31,3592;30,1102;33,1188;81,0356;159,7719;98,3868;5900,0;4275,0;2825,0
2003;4;-0,01;120,6033;131,2246;99,1833;101,732;93,8577;73,6747;195,1422;203,3912;215,5663;0,5213;0,4615;0,3418;29,1222;29,9036;31,9677;96,681;72,4793;31,5843;2025,0;12125,0;950,0
2003;5;-0,18;120,1291;104,8188;87,225;97,2725;64,4375;56,4184;155,785;174,7965;177,9595;0,6244;0,3686;0,317;27,2669;29,9801;31,0324;149,4644;25,256;55,3828;1225,0;11375,0;600,0
2003;6;-0,13;137,9318;94,882;92,4735;91,5181;45,1929;44,7737;146,5286;180,4293;170,2438;0,6246;0,2505;0,263;25,4407;29,7343;29,0674;71,2213;0,9755;22,9659;1800,0;19500,0;1125,0
2003;7;0,09;133,6005;79,0959;84,6741;82,4541;31,6434;37,0995;144,8804;200,829;179,9911;0,5691;0,1576;0,2061;24,2665;30,3781;28,9359;101,0986;0,3632;26,421;1125,0;37225,0;2225,0
2003;8;0,14;140,7141;48,0696;66,5686;90,9344;27,3217;33,2729;164,2507;221,4291;207,7608;0,5536;0,1234;0,1601;25,8959;33,8041;32,4844;85,4775;17,8776;22,6012;650,0;73400,0;4500,0
2003;9;0,23;150,7346;29,0331;55,2542;98,0161;25,4112;28,6766;199,5407;251,8735;238,6892;0,4912;0,1009;0,1201;28,5452;37,7312;36,3864;71,5576;16,3731;16,9166;9400,0;294400,0;42175,0
2003;10;0,23;138,5085;43,4241;48,7212;98,115;35,8283;29,2357;211,5434;243,7813;241,9899;0,4638;0,147;0,1208;31,4657;38,0583;39,3595;56,3634;39,5678;13,024;23025,0;157800,0;42150,0
2003;11;0,29;132,2348;69,245;60,4054;95,8296;66,7802;50,8797;237,2277;238,7495;251,6769;0,404;0,2797;0,2022;32,8855;35,8743;36,8093;71,6332;151,1173;79,5594;4650,0;26650,0;5850,0
2003;12;0,29;104,2562;72,4919;44,2541;81,5222;67,221;40,8018;210,4989;209,327;224,063;0,3873;0,3211;0,1821;32,7687;33,6032;36,5983;52,2265;125,8149;33,1362;30475,0;15225,0;12500,0
2004;1;0,34;94,4286;93,5186;66,5498;92,9323;87,9128;72,3068;169,0055;167,6782;172,4584;0,5499;0,5243;0,4193;30,9372;31,4349;34,177;245,0959;395,3203;367,2321;350,0;2625,0;700,0
2004;2;0,27;169,6719;140,65;167,6231;132,4431;122,0783;130,9172;222,7216;191,0337;224,6714;0,5947;0,639;0,5827;28,1781;28,1564;28,2491;128,0961;254,7186;129,9139;1950,0;425,0;625,0
2004;3;0,19;134,1104;138,2423;143,9117;120,4881;119,935;121,2426;192,3948;193,3637;214,256;0,6263;0,6203;0,5659;28,3482;28,0907;28,2062;225,4981;240,8942;126,6915;2550,0;39650,0;2950,0
2004;4;0,1;139,2546;141,7976;135,7719;116,4958;110,6277;108,6056;182,7939;195,9663;209,5426;0,6373;0,5645;0,5183;26,8264;29,181;28,7269;106,5292;64,7877;23,9929;600,0;11850,0;1300,0
2004;5;0,12;134,1741;128,9386;119,4531;104,6126;85,8223;78,4904;157,6882;178,8957;183,0339;0,6634;0,4797;0,4288;25,4619;29,2327;28,1975;101,324;2,7247;24,9002;25,0;19200,0;950,0
2004;6;0,22;133,9969;111,5966;104,4621;95,2982;60,7784;56,3558;141,2797;165,875;166,9746;0,6745;0,3664;0,3375;23,7295;28,2887;27,4903;99,0099;0,6195;21,1341;0,0;16725,0;575,0
2004;7;0,39;144,3252;96,7911;97,1158;91,6806;42,9536;45,4975;141,475;188,236;174,7784;0,648;0,2282;0,2603;22,9715;28,8779;28,0109;83,1241;0,4369;14,4273;0,0;31975,0;1575,0
2004;8;0,54;161,0631;65,9144;76,11;92,4542;31,5557;34,7832;168,8794;226,0793;207,1121;0,5475;0,1396;0,1679;26,2233;33,4289;31,8781;31,839;5,0174;7,4082;1025,0;136600,0;11850,0
2004;9;0,58;155,4196;34,365;58,8247;85,4719;26,9462;27,1062;202,992;256,7623;239,6865;0,4211;0,1049;0,1131;29,05;37,5563;34,7306;25,7169;0,7953;6,0288;3025,0;422525,0;41875,0
2004;10;0,61;142,589;55,456;51,3049;91,6222;44,6731;30,6431;225,606;247,454;254,378;0,4061;0,1805;0,1205;31,4872;38,7299;38,2636;62,1513;81,8545;33,0446;6250,0;233825,0;54575,0
2004;11;0,64;142,374;71,0772;70,2078;110,2973;67,1605;56,2331;220,7718;226,8747;240,4045;0,4996;0,296;0,2339;31,6182;36,2695;36,7388;157,2728;149,104;122,9948;5150,0;40975,0;27075,0
2004;12;0,71;145,3281;94,0694;83,1042;109,9877;81,836;73,0433;219,6395;205,5504;226,44;0,5008;0,3981;0,3226;30,9165;32,51;33,9869;57,6532;124,9797;33,5088;5450,0;28000,0;7950,0
2005;1;0,62;137,7377;110,2379;82,748;104,6752;97,7749;74,7744;216,484;194,1116;217,9142;0,4835;0,5037;0,3431;32,282;31,857;34,3983;121,0746;211,6025;132,0573;2850,0;1600,0;1600,0
2005;2;0,55;142,454;145,6418;120,1886;123,3848;124,7237;104,5103;215,9972;210,3637;223,6065;0,5712;0,5929;0,4674;31,2282;29,1082;30,7817;187,8383;219,4835;174,0527;400,0;1000,0;0,0
2005;3;0,4;150,1692;129,3932;129,6457;124,4835;120,785;110,5949;221,5313;196,0463;222,9056;0,5619;0,6161;0,4962;29,0591;28,1024;29,9611;109,7201;242,1329;101,0266;1575,0;8000,0;800,0
2005;4;0,37;145,3732;147,4452;137,6812;121,9773;112,7854;107,6311;193,8105;195,3454;204,9932;0,6294;0,5774;0,525;26,5794;29,2627;28,5159;149,6536;74,8303;84,6311;0,0;10550,0;1175,0
2005;5;0,27;138,4025;143,8221;135,8446;106,5329;90,777;89,7653;159,9334;170,8024;175,0539;0,6661;0,5315;0,5128;25,1194;27,4559;26,6068;156,5772;45,8988;64,8799;550,0;12075,0;775,0
2005;6;0,09;135,3305;124,809;115,1956;99,2331;70,7962;65,7242;142,5428;165,0391;166,7744;0,6962;0,429;0,3941;23,9328;28,1057;27,1074;156,7894;1,0213;37,1979;0,0;17675,0;2050,0
2005;7;-0,04;146,6827;111,0503;104,3517;91,941;48,402;51,1071;143,7704;186,092;173,6808;0,6395;0,2601;0,2943;23,9813;29,4189;27,9058;90,245;0,3744;26,5102;75,0;27550,0;3575,0
2005;8;-0,14;153,4524;74,434;83,1827;95,6344;35,4401;39,7504;172,763;227,951;207,4345;0,5536;0,1555;0,1916;24,7206;33,2056;30,7955;83,6827;0,4688;20,1735;575,0;114825,0;8300,0
2005;9;-0,11;152,1399;41,3027;59,2614;98,6851;30,9751;31,8489;203,5745;258,7895;243,0132;0,4848;0,1197;0,1311;27,9921;36,3813;35,0442;52,1534;25,5568;12,5403;1375,0;280475,0;29250,0
2005;10;-0,27;140,5711;29,4048;43,8972;95,829;34,1472;26,6454;235,1748;266,2548;261,3628;0,4075;0,1283;0,1019;32,0761;39,973;38,9052;33,433;26,0517;12,7598;26700,0;616025,0;162750,0
2005;11;-0,57;123,6843;84,9838;77,7395;107,7864;83,6452;63,5683;198,0951;188,0657;216,3626;0,5441;0,4448;0,2938;30,5493;34,9323;35,5334;164,6607;233,3523;106,2066;4775,0;60175,0;24650,0
2005;12;-0,82;137,5949;97,9149;109,8146;109,1663;90,83;88,7265;195,3954;161,8855;196,681;0,5587;0,5611;0,4511;29,2647;30,1937;31,6295;125,6806;264,6428;91,3591;975,0;8800,0;675,0
2006;1;-0,86;148,415;144,6456;105,7733;102,0154;98,8902;76,4847;214,896;200,8347;217,4675;0,4747;0,4924;0,3517;28,6348;30,4567;31,9693;61,9914;40,394;10,7549;2400,0;9650,0;3500,0
2006;2;-0,8;129,0758;115,1121;81,4492;102,1178;106,8342;66,9159;244,5318;199,8769;237,0995;0,4176;0,5345;0,2822;31,4541;30,6598;33,8705;34,7484;140,4288;80,4497;9650,0;1600,0;4050,0
2006;3;-0,63;105,4282;122,4905;104,5158;103,9622;112,6622;92,2543;201,5502;189,818;209,0015;0,5158;0,5935;0,4414;29,8646;28,8379;30,2744;207,6358;261,611;179,9092;1425,0;0,0;350,0
2006;4;-0,45;122,0868;124,6658;129,0389;115,3177;111,1976;114,9525;173,7956;171,4358;185,3167;0,6635;0,6486;0,6203;26,7498;27,6069;27,0978;151,9323;143,2609;133,9788;0,0;6700,0;0,0
2006;5;-0,19;143,2831;141,2273;144,2658;108,5501;93,6203;99,1102;158,5472;162,7474;172,6414;0,6847;0,5752;0,5741;25,8067;27,8304;27,3807;76,3485;34,5071;31,8839;0,0;8675,0;525,0
2006;6;-0,05;132,6416;146,7362;131,6658;92,8424;75,9915;69,988;132,688;160,3533;159,3316;0,6997;0,4739;0,4393;23,5036;27,2423;26,4226;166,0134;1,7772;42,1423;0,0;12500,0;625,0
2006;7;0,12;152,9707;111,4647;113,4803;91,374;52,0647;53,6627;145,8917;178,8833;170,7862;0,6263;0,2911;0,3142;24,3641;29,4178;27,7782;64,354;0,137;22,747;1175,0;41425,0;2125,0
2006;8;0,33;157,5334;83,8739;87,2618;92,5273;38,8772;40,04;173,5913;224,1357;207,405;0,533;0,1735;0,1931;26,297;33,3399;31,3454;57,4761;1,4837;11,9842;2475,0;169025,0;9950,0
2006;9;0,54;155,279;66,2888;70,9427;100,8844;43,4042;36,9959;199,5712;232,7207;234,0989;0,5055;0,1865;0,158;27,9969;36,4722;34,7344;74,2643;30,0487;23,1519;900,0;214375,0;14975,0
2006;10;0,71;140,8572;88,2772;73,292;114,4803;75,2016;54,0305;203,9935;208,9248;228,1364;0,5612;0,3599;0,2368;29,8421;34,3674;36,3961;137,8428;186,0956;98,9173;100,0;32725,0;20775,0
2006;11;0,88;156,3007;126,8309;112,408;128,4257;99,1388;96,2501;217,6196;219,0393;229,9697;0,5901;0,4526;0,4185;27,9208;33,1714;31,612;209,6118;194,0057;132,4358;175,0;6850,0;7650,0
2006;12;0,88;138,3493;108,2213;91,4062;116,3765;87,9897;79,0168;202,0629;203,2697;216,0322;0,5759;0,4329;0,3658;29,6063;31,4529;33,0489;107,1286;150,1395;50,0266;1525,0;36425,0;19000,0
2007;1;0,62;138,4285;100,8879;69,6208;110,5709;90,3336;61,9272;213,1987;206,3234;224,3309;0,5186;0,4378;0,2761;29,777;31,0713;33,7913;59,022;140,68;43,2652;2650,0;14350,0;10050,0
2007;2;0,19;124,5262;118,8389;86,028;110,8361;107,9109;79,7785;209,0768;192,3254;212,9239;0,5301;0,5611;0,3747;29,4402;29,5508;30,9326;264,1591;271,658;273,8658;75,0;3325,0;250,0
2007;3;-0,12;179,1294;156,4409;146,371;130,5861;115,1465;110,5442;233,4572;227,4064;232,7639;0,5594;0,5063;0,4749;26,9834;29,6053;28,058;88,0456;42,916;40,0509;50,0;15525,0;1325,0
2007;4;-0,32;128,1774;106,4966;89,0125;115,8412;76,5558;77,6268;192,2731;208,8987;204,8893;0,6025;0,3665;0,3789;27,2297;30,6129;29,9652;141,5908;47,6219;52,1773;0,0;20250,0;250,0
2007;5;-0,34;137,1144;96,2605;95,1666;106,8445;54,5797;59,5428;163,1877;200,3013;190,3766;0,6547;0,2725;0,3128;26,1298;31,0253;30,1928;87,9979;5,6813;24,457;500,0;34150,0;1425,0
2007;6;-0,41;127,1261;80,9264;88,073;86,5026;36,8417;42,0715;142,2098;188,819;172,5961;0,6083;0,1951;0,2438;24,7366;29,9421;28,5972;57,0649;0,5239;19,1684;2125,0;63625,0;2275,0
2007;7;-0,49;128,3708;64,4561;78,0823;79,1056;28,8422;35,3531;146,7535;200,4169;181,2584;0,539;0,1439;0,195;24,6128;31,5399;29,144;64,801;0,192;17,5321;2425,0;224225,0;4975,0
2007;8;-0,77;139,1782;59,6782;76,883;81,8091;25,0627;32,2557;169,4;232,4422;207,3882;0,4829;0,1078;0,1555;25,1756;33,9098;30,7508;68,2796;0,3529;16,3354;900,0;689975,0;32175,0
2007;9;-1,05;146,7638;31,2288;60,9181;87,825;20,154;27,8501;195,323;263,5851;234,6676;0,4496;0,0765;0,1187;26,9655;38,1928;34,4199;69,9058;1,3139;15,0041;4725,0;1146050,0;171200,0
2007;10;-1,38;132,6525;3,0374;34,6937;90,5087;14,8862;21,1299;233,2854;281,9495;262,8971;0,388;0,0528;0,0804;31,9331;41,3878;39,3207;53,8103;23,5117;9,0619;59250,0;599125,0;177900,0
2007;11;-1,57;118,7555;42,5335;51,0423;92,8723;45,9951;39,6865;213,4102;228,2957;232,4515;0,4352;0,2015;0,1707;32,2175;37,5932;38,4882;128,761;162,5282;87,9059;31900,0;185575,0;162500,0
2007;12;-1,72;145,3375;100,255;98,7728;99,9291;72,3004;69,0238;210,3178;196,34;215,7118;0,4751;0,3682;0,32;30,0482;35,3866;33,4774;116,03;139,0119;80,1946;2250,0;22700,0;7425,0
2008;1;-1,76;139,7908;100,0337;84,3396;100,9589;71,2864;64,3738;207,3962;190,8951;210,3289;0,4868;0,3734;0,3061;30,0029;34,3974;33,863;84,55;137,2004;69,7515;4050,0;5100,0;11500,0
2008;2;-1,61;142,4223;119,5116;97,4223;112,3508;103,2056;76,4301;231,2121;196,3617;231,9401;0,4859;0,5256;0,3295;30,4551;30,9499;33,3454;119,1791;183,7859;120,1216;575,0;3900,0;850,0
2008;3;-1,37;127,3072;128,4399;123,1815;117,7983;114,1034;100,3356;214,2749;183,7171;209,0774;0,5498;0,6211;0,4799;29,4386;28,7898;30,2978;135,0405;202,7462;141,3907;275,0;5500,0;750,0
2008;4;-1,05;131,2094;131,831;139,2445;116,5341;106,7008;112,6771;200,0447;190,233;201,4763;0,5825;0,5609;0,5593;28,2442;28,5159;28,2012;60,6735;113,8867;90,8992;100,0;22575,0;1600,0
2008;5;-0,85;121,1146;125,177;125,7519;93,6742;76,6241;81,1131;159,4044;171,962;171,7712;0,5877;0,4456;0,4722;26,696;29,2392;28,4324;54,3383;8,1082;27,3502;2225,0;9250,0;350,0
2008;6;-0,56;125,7794;114,6082;111,0879;86,8547;54,7982;54,9649;143,8642;174,4878;165,9082;0,6037;0,3141;0,3313;24,8247;29,1166;27,7525;113,58;0,717;24,2835;825,0;18475,0;100,0
2008;7;-0,33;139,6319;93,473;96,2649;83,3381;36,9958;41,581;146,931;193,8714;176,9362;0,5672;0,1908;0,235;24,4061;30,2344;28,4476;70,869;0,187;20,0924;4400,0;44400,0;175,0
2008;8;-0,2;139,9829;61,8573;73,2695;81,5262;28,5477;32,2783;173,0674;229,9839;208,4599;0,4711;0,1241;0,1548;26,3615;33,9119;31,49;47,7678;0,2944;12,3296;2300,0;121400,0;5400,0
2008;9;-0,25;131,0409;22,0664;49,7134;83,8346;22,7247;26,4193;200,6878;255,813;238,0878;0,4177;0,0888;0,111;30,6104;38,4535;36,2146;39,0001;24,8414;13,1405;7725,0;266225,0;32775,0
2008;10;-0,36;130,3354;9,262;37,0354;88,4948;19,1986;21,8748;236,87;279,0857;258,5537;0,3736;0,0688;0,0846;32,8434;41,3019;39,4035;38,2503;8,2024;9,0206;16875,0;488725,0;199750,0
2008;11;-0,57;96,5806;72,3055;52,9952;98,5037;78,04;47,9135;180,2297;166,6798;212,5643;0,5465;0,4682;0,2254;33,4841;34,6281;38,3836;151,1324;277,1471;83,3284;24475,0;124675,0;228725,0
2008;12;-0,79;136,7994;104,8877;94,5032;112,5376;96,0881;75,9327;195,6931;172,8795;199,2316;0,5751;0,5558;0,3811;29,6746;31,4943;32,065;153,7862;215,2082;124,16;0,0;3075,0;625,0
2009;1;-0,89;148,662;132,012;120,8447;118,1905;107,0299;93,0291;212,9806;192,0345;216,3794;0,5549;0,5573;0,4299;28,1855;31,496;31,8473;129,8328;187,2593;100,5281;700,0;100,0;6050,0
2009;2;-0,84;158,8439;149,9456;129,053;118,5431;123,0986;95,0278;236,0503;207,6937;230,549;0,5022;0,5927;0,4122;29,259;29,3608;31,3173;67,3844;113,5354;79,1643;500,0;1275,0;1025,0
2009;3;-0,63;117,9768;123,9987;110,8559;102,0395;109,4698;82,6314;216,2723;194,0984;219,583;0,4718;0,564;0,3763;31,0396;29,3892;32,1455;79,2774;148,8732;84,9908;2875,0;16750,0;2175,0
2009;4;-0,35;112,5995;105,4231;103,7594;110,6593;104,9603;95,2406;177,9421;152,8953;184,9261;0,6219;0,6865;0,515;27,8745;28,372;29,2607;200,2293;220,6754;152,498;50,0;3575,0;0,0
2009;5;0,03;131,9882;133,3124;130,2421;108,4675;98,1832;99,0049;151,6114;152,3528;160,7751;0,7154;0,6444;0,6158;25,1365;27,1569;26,9196;159,9335;67,4809;59,3528;0,0;12675,0;2650,0
2009;6;0,34;135,2724;135,0779;128,3264;98,6681;85,9848;76,6769;142,7919;158,1292;162,6761;0,691;0,5438;0,4713;24,431;27,8879;26,9695;85,2093;24,2238;31,0977;0,0;11300,0;1825,0
2009;7;0,5;153,0417;128,5139;110,0889;97,9647;65,9602;53,8317;153,7203;180,9646;174,8797;0,6373;0,3645;0,3078;24,7065;30,5391;28,6613;75,4206;0,4906;18,8825;975,0;18375,0;800,0
2009;8;0,56;150,9963;101,3507;85,5744;94,8971;49,028;41,0512;173,144;214,0451;203,6396;0,5481;0,2291;0,2016;25,9186;33,6729;32,0516;78,4026;1,3206;16,415;200,0;37850,0;1600,0
2009;9;0,66;151,2;64,2043;56,6423;97,8927;41,9166;30,1549;210,91;249,9423;242,5773;0,4641;0,1677;0,1243;29,4192;37,6122;37,1842;42,6131;17,5381;6,8798;1750,0;208300,0;44475,0
2009;10;0,92;124,8522;80,6391;80,3958;106,5342;84,0529;66,0046;193,808;166,1974;198,935;0,5497;0,5057;0,3318;30,0012;31,7857;34,095;172,8135;256,3051;179,9542;1000,0;42975,0;11775,0
2009;11;1,31;155,82;136,097;106,6969;111,8122;106,0074;80,1686;236,094;227,4358;241,8766;0,4736;0,4661;0,3314;31,5061;33,4836;34,5281;36,473;103,9664;20,5341;6925,0;10475,0;5975,0
2009;12;1,5;111,992;116,4166;80,4134;90,0634;98,9022;70,027;200,1312;180,0113;197,7484;0,45;0,5494;0,3541;32,4833;31,3525;34,0529;42,7859;224,254;89,631;8100,0;8050,0;425,0
2010;1;1,47;120,338;140,5211;108,5586;91,3421;113,2502;86,6819;205,9678;193,2062;197,6019;0,4435;0,5862;0,4387;31,7855;29,8622;31,4114;45,8986;93,5006;51,5173;11050,0;6025,0;1200,0
2010;2;1,21;115,4587;143,5368;88,412;92,6712;116,8024;69,5009;217,8071;221,4893;225,0972;0,4255;0,5273;0,3088;31,7969;30,7821;33,7713;60,8955;100,553;45,007;6000,0;8325,0;1100,0
2010;3;0,88;111,4208;133,3163;106,6424;111,0941;122,793;94,2707;194,6647;194,4025;209,8449;0,5707;0,6316;0,4492;30,3944;30,1433;31,7342;215,9952;208,9116;142,4791;375,0;10900,0;0,0
2010;4;0,38;140,2495;148,4581;129,875;123,029;113,2076;103,7572;190,7746;199,9036;204,6824;0,6449;0,5663;0,5069;26,8977;29,5519;28,6301;158,9729;98,3503;119,6739;0,0;25100,0;750,0
2010;5;-0,16;128,4787;122,7961;105,0909;108,2271;90,1989;70,7106;164,452;179,0888;186,8224;0,6581;0,5037;0,3785;26,6567;30,5262;30,5124;61,9071;20,7996;16,7498;0,0;11850,0;200,0
2010;6;-0,66;132,9334;121,9867;95,3406;91,0985;62,5446;49,0656;143,5969;172,1549;169,8131;0,6344;0,3633;0,2889;25,646;29,7233;29,3186;62,4571;0,215;25,6212;1050,0;25725,0;1525,0
2010;7;-0,98;134,824;105,7176;90,3302;88,9923;47,9063;43,0673;144,8396;184,7148;177,0306;0,6144;0,2594;0,2433;23,3895;30,0439;27,9556;153,4079;1,2962;42,6032;500,0;92800,0;3075,0
2010;8;-1,24;146,7083;84,1953;84,4895;87,2893;34,6356;37,5241;167,2546;221,0771;205,4648;0,5219;0,1567;0,1826;25,7112;33,446;30,9541;49,3934;0,2834;12,0194;825,0;397475,0;13475,0
2010;9;-1,43;145,8736;51,3622;61,529;90,2572;28,9355;30,2099;203,3149;249,3151;236,9215;0,4439;0,1161;0,1275;28,0891;38,5078;35,384;52,5804;15,7273;12,8941;4150,0;874625,0;50575,0
2010;10;-1,54;131,3345;61,0676;60,4385;98,3027;60,1363;43,4271;213,6471;206,2784;231,042;0,4601;0,2915;0,188;32,3587;37,1592;37,1497;80,2926;112,1846;65,1895;2475,0;414975,0;135050,0
2010;11;-1,57;128,5437;97,6284;78,6873;110,8548;93,6102;67,0628;218,0441;189,651;222,848;0,5084;0,4936;0,3009;30,0638;34,0794;35,1285;126,5752;204,985;71,0103;775,0;45700,0;9775,0
2010;12;-1,48;122,1113;109,3405;105,5558;106,9524;96,425;89,2539;201,4599;173,5837;193,3975;0,5309;0,5555;0,4615;29,917;32,1324;31,8525;109,6885;183,3323;149,964;875,0;34225,0;3200,0
2011;1;-1,29;133,3873;132,4659;123,3571;108,1353;112,8467;97,2992;203,8107;177,2899;202,0473;0,5306;0,6365;0,4816;29,6755;30,5026;30,9806;94,2319;173,4178;75,9124;950,0;3475,0;2350,0
2011;2;-1,06;147,4852;136,6786;120,8856;113,6687;122,9765;90,143;233,6612;192,8369;215,7411;0,4865;0,6377;0,4178;28,8553;29,3921;31,0542;54,821;162,183;83,1264;1750,0;3075,0;1650,0
2011;3;-0,85;113,7527;118,4922;118,422;112,2755;120,5556;104,7847;201,0956;171,512;203,8757;0,5583;0,7029;0,514;29,6393;27,8323;29,1217;167,7996;206,641;156,211;300,0;2975,0;1650,0
2011;4;-0,68;146,504;157,6947;147,5681;125,6854;124,809;109,0622;199,046;194,0543;212,4656;0,6314;0,6432;0,5133;26,7022;28,4036;28,6213;177,7036;68,6895;62,6092;150,0;59400,0;225,0
2011;5;-0,5;141,934;145,1403;119,5284;111,4917;95,7367;77,015;161,5867;166,4653;172,1229;0,69;0,5751;0,4474;24,6144;29,2168;28,2327;65,2694;13,0606;30,9474;150,0;20725,0;650,0
2011;6;-0,34;131,4035;124,9667;99,4325;93,3751;72,6541;50,2122;142,7904;164,5279;167,2089;0,6539;0,4416;0,3003;24,8255;29,6367;29,5344;37,2438;0,5327;11,3978;1025,0;28900,0;250,0
2011;7;-0,37;133,5231;111,042;82,3642;84,0935;50,8243;36,0231;146,9962;183,3254;177,9282;0,5721;0,2772;0,2025;24,8101;30,9328;30,0273;35,5819;0,9425;16,4388;1200,0;52275,0;2350,0
2011;8;-0,5;149,2232;86,0516;69,4502;87,1525;37,6501;29,2812;174,7983;223,2097;210,599;0,4986;0,1687;0,139;26,3133;34,6812;32,6586;21,6255;0,3967;8,6199;4700,0;173075,0;10925,0
2011;9;-0,76;137,984;57,4335;55,9878;83,8167;32,9319;25,4447;194,7615;235,8576;232,0072;0,4304;0,1396;0,1097;28,9909;38,0292;35,2838;26,1602;1,3034;6,3933;13625,0;877775,0;98200,0
2011;10;-0,94;131,2503;88,434;74,1111;100,7135;77,7895;53,159;192,9879;192,0747;215,8164;0,5219;0,405;0,2463;28,9367;36,1146;36,124;95,1748;152,5341;61,2823;300,0;109800,0;24300,0
2011;11;-1,02;148,9891;118,9612;108,4859;119,2812;108,9049;84,8551;209,2823;188,2071;219,3758;0,57;0,5786;0,3868;28,0212;31,8574;32,8627;156,1434;231,852;95,1699;400,0;23825,0;1750,0
2011;12;-0,92;139,803;125,3331;105,7089;109,4372;103,5738;78,5996;198,1251;182,2291;205,163;0,5524;0,5684;0,3831;28,5571;31,7036;33,402;120,5354;236,4082;89,0937;400,0;3425,0;4550,0
2012;1;-0,71;133,5525;112,1462;83,6962;100,5737;98,9864;62,7872;200,6547;168,4281;202,7306;0,5012;0,5877;0,3097;28,9298;29,9454;32,7312;44,3271;171,6391;36,7149;700,0;6500,0;7525,0
2012;2;-0,56;150,313;130,6141;95,0749;104,8394;110,9681;65,4697;230,1948;192,1975;217,1067;0,4554;0,5774;0,3016;29,4981;29,727;32,5652;61,0013;81,4715;61,657;2875,0;9425,0;1325,0
2012;3;-0,44;134,8679;122,8971;78,0087;102,0132;95,9046;52,4047;228,9861;206,234;241,8369;0,4455;0,465;0,2167;30,4087;31,6894;34,9946;42,2636;75,5015;20,8518;1700,0;31250,0;8325,0
2012;4;-0,35;120,4575;109,9788;53,3459;90,5464;79,1058;36,5666;201,3316;214,3121;228,5491;0,4497;0,3691;0,16;29,9297;32,6712;34,6341;10,0665;23,028;4,3262;3000,0;15975,0;3250,0
2012;5;-0,18;110,2258;93,7216;54,0043;82,3394;58,626;30,5345;155,4121;182,5607;190,5126;0,5298;0,3211;0,1603;27,4668;30,9123;32,7633;100,4051;21,1457;20,4002;500,0;33050,0;2525,0
2012;6;0,03;120,165;82,8931;59,4526;83,0792;40,7269;27,5956;145,3207;189,3439;173,8424;0,5717;0,2151;0,1587;25,2627;31,4029;31,1758;51,1696;1,2068;13,1285;1900,0;31825,0;125,0
2012;7;0,28;131,4271;71,1223;65,176;82,8212;29,2584;26,3061;147,9972;205,3691;182,2759;0,5596;0,1425;0,1443;24,3694;31,8575;30,3136;47,0381;0,5919;12,8523;2475,0;138150,0;2375,0
2012;8;0,39;140,6581;61,3829;64,125;83,2657;24,5875;25,7721;169,8909;232,3239;205,9448;0,4901;0,1058;0,1251;24,9599;34,2736;31,6686;83,0799;1,6668;18,7384;325,0;316225,0;9225,0
2012;9;0,37;143,1592;21,6759;47,2413;88,679;16,4974;21,265;202,4534;263,4336;238,8233;0,438;0,0626;0,089;29,3375;39,369;36,7817;31,5147;2,5753;4,6204;3625,0;1300950,0;112825,0
2012;10;0,28;120,8989;28,8732;34,3996;90,3855;30,4269;24,0295;213,4866;243,5237;234,3774;0,4234;0,1249;0,1025;31,8867;42,8502;40,5784;49,2106;30,8525;14,598;8125,0;372500,0;109400,0
2012;11;0,13;134,419;85,5224;83,2785;109,0144;91,6902;66,0909;213,8684;165,4095;211,0954;0,5097;0,5543;0,3131;31,0846;34,6835;36,1115;192,5948;344,1536;159,9873;900,0;26525,0;8875,0
2012;12;-0,03;134,0114;113,0691;89,8089;100,9285;82,3076;63,0018;232,4058;218,7214;225,3511;0,4343;0,3763;0,2796;32,186;36,3514;36,3314;11,0669;56,0859;16,5324;6150,0;22175,0;30725,0
2013;1;-0,24;115,5995;103,1194;72,4909;94,2037;90,8317;58,3547;204,5702;180,5714;198,8994;0,4605;0,503;0,2934;31,7517;33,3396;35,8141;136,2563;288,829;138,4651;4350,0;2300,0;4075,0
2013;2;-0,28;144,329;157,7052;117,3633;107,6866;124,4588;78,7077;235,2485;225,4682;241,3055;0,4578;0,552;0,3262;30,4987;31,5502;33,6619;46,4809;47,4441;13,2525;5150,0;11925,0;1975,0
2013;3;-0,23;123,077;116,1413;71,9972;98,6082;102,3116;53,6118;229,7305;209,8802;238,5201;0,4292;0,4875;0,2248;32,1094;32,1167;35,6031;30,9443;144,5611;39,9843;10575,0;10450,0;5200,0
2013;4;-0,2;116,0909;123,461;78,9522;102,4894;99,2852;61,0029;185,5962;186,4173;202,3505;0,5522;0,5326;0,3015;28,241;29,9862;32,1628;81,9385;109,2016;58,2281;1425,0;6150,0;575,0
2013;5;-0,3;133,7872;120,1187;84,9121;105,263;76,5786;51,2355;167,01;184,4256;181,1086;0,6303;0,4152;0,2829;26,7575;31,2741;31,4135;53,0446;9,3568;14,7947;1850,0;5200,0;125,0
2013;6;-0,38;129,7054;97,4625;76,8217;97,5161;58,0865;39,6154;148,5359;176,0175;174,4422;0,6565;0,33;0,2271;24,9632;30,7706;30,6349;100,7614;6,069;24,7368;1125,0;17275,0;125,0
2013;7;-0,45;137,0336;82,8257;72,9292;92,7567;38,7293;34,6277;149,788;196,7033;179,952;0,6193;0,1969;0,1924;24,922;32,0895;30,6513;91,299;1,1718;31,9631;3625,0;19500,0;1175,0
2013;8;-0,34;148,1786;65,065;68,545;97,2526;30,3664;33,2179;170,4584;224,647;206,4007;0,5705;0,1352;0,1609;25,785;34,4996;32,6798;100,5946;1,3799;20,2393;850,0;41875,0;1325,0
2013;9;-0,32;148,6142;32,619;47,9058;100,3052;24,4335;25,168;206,0695;252,0553;239,3494;0,4868;0,0969;0,1052;27,9934;39,3365;37,1286;73,1322;5,8253;12,1524;3475,0;145300,0;48225,0
2013;10;-0,14;144,0244;64,9353;52,5313;103,7166;48,1984;31,299;212,9221;226,3793;239,1053;0,4871;0,2129;0,1309;28,9304;38,5782;38,1174;91,9965;70,6037;41,4531;3400,0;115575,0;28025,0
2013;11;-0,12;142,1509;91,3783;60,8842;113,4895;76,727;47,2417;226,5494;214,0997;228,6915;0,5009;0,3584;0,2066;30,8037;35,9569;36,9303;144,7733;186,3626;90,3915;500,0;6225,0;3225,0
2013;12;-0,11;101,5625;93,3833;76,0073;103,7565;95,5352;74,2563;168,1592;150,1606;169,0529;0,617;0,6362;0,4392;30,1927;31,7376;33,7783;217,1146;335,0791;210,7973;175,0;850,0;200,0
2014;1;-0,24;167,9127;139,1113;134,524;121,1679;104,9821;91,6931;209,7055;185,0231;206,9217;0,5778;0,5674;0,4431;28,7202;31,8761;31,563;57,827;59,445;14,6724;375,0;4225,0;800,0
2014;2;-0,21;176,6407;143,4264;125,5599;122,6145;112,9835;80,1137;233,6379;195,8355;226,0711;0,5248;0,5769;0,3544;28,696;30,266;32,389;79,5641;100,4323;54,3866;175,0;2475,0;100,0
2014;3;-0,02;148,4774;132,601;115,3832;115,1751;118,0895;81,9709;213,4281;183,954;214,0056;0,5396;0,642;0,383;27,795;29,9206;31,7841;106,5356;161,1265;67,7014;350,0;10925,0;325,0
2014;4;0,25;129,6018;137,5954;108,0855;108,884;110,3993;79,3616;200,1536;196,7434;206,002;0,544;0,5611;0,3852;28,4163;29,7977;31,3748;61,1286;92,7681;92,5044;475,0;14550,0;475,0
2014;5;0,35;127,5278;139,6824;109,266;98,2098;93,1582;64,7232;164,9519;179,4811;184,2479;0,5954;0,519;0,3513;27,2506;29,7971;29,9248;66,8214;20,3206;30,6883;3250,0;4325,0;225,0
2014;6;0,22;123,614;116,423;88,4822;90,199;64,5974;44,2776;142,573;172,3646;171,2638;0,6327;0,3748;0,2585;24,72;29,965;29,5892;95,1084;1,8772;17,7392;650,0;11900,0;125,0
2014;7;0,07;130,7382;95,0226;76,7931;88,7162;48,0793;37,9528;144,621;179,7517;177,7881;0,6134;0,2675;0,2135;24,0776;30,7401;29,4221;117,8388;0,5731;30,3766;0,0;14025,0;1325,0
2014;8;0,07;149,994;72,1173;70,5425;91,777;30,9449;32,673;176,4571;228,0509;211,7269;0,5201;0,1357;0,1543;26,1676;35,0947;32,1818;36,3304;0,2482;10,8722;550,0;40250,0;6450,0
2014;9;0,24;135,4406;52,9052;58,0603;85,5368;27,4084;26,6503;198,3293;258,9034;239,4177;0,4313;0,1059;0,1113;28,6264;39,0816;36,3621;35,2902;5,5296;12,3142;3525,0;257900,0;10400,0
2014;10;0,51;133,0314;49,7965;47,2214;91,8893;38,0316;26,6986;217,3683;241,5945;245,8223;0,4227;0,1574;0,1086;31,2093;40,8856;38,8924;92,4054;66,2341;32,8696;12175,0;457175,0;30775,0
2014;11;0,7;141,1724;97,5078;97,2588;113,3499;88,1949;72,0005;207,3104;186,9408;207,6137;0,5468;0,4718;0,3468;30,2953;35,5399;34,3294;135,304;223,9379;141,9416;1200,0;43875,0;2675,0
2014;12;0,8;143,389;114,45;111,1622;109,4097;94,2677;81,6268;206,6098;175,2324;200,6967;0,5295;0,538;0,4067;29,1407;32,9906;31,5803;148,1969;195,7808;116,0943;1325,0;32650,0;425,0
2015;1;0,73;143,8444;135,0173;102,2092;102,9668;94,1671;77,4935;219,9224;212,2114;217,3752;0,4682;0,4437;0,3565;29,7603;33,7569;32,2755;30,2402;72,4423;20,5453;2325,0;16000,0;4225,0
2015;2;0,65;126,1687;129,2754;95,7949;101,2655;109,1961;77,2851;225,1541;195,0921;214,3873;0,4498;0,5597;0,3605;29,9684;31,2396;33,0158;107,101;150,0548;117,2154;1350,0;4250,0;125,0
2015;3;0,72;117,0259;128,0122;102,5011;108,4817;112,5865;77,6753;221,9103;193,6248;221,1251;0,4889;0,5815;0,3513;28,9582;30,3155;32,4786;63,1659;134,5951;46,2919;1975,0;10200,0;175,0
2015;4;0,86;105,2242;115,952;87,6562;104,1278;103,341;72,1091;190,603;184,9366;203,955;0,5463;0,5588;0,3536;29,3506;29,6949;32,7141;103,4611;205,306;103,9191;1175,0;8450,0;0,0
2015;5;1,04;121,483;142,9887;107,2067;101,1064;98,3449;70,3593;153,839;173,0543;177,4032;0,6572;0,5683;0,3966;26,1329;29,0579;29,6518;140,5906;22,7163;44,2422;3075,0;7000,0;1550,0
2015;6;1,19;123,2206;122,4541;92,2408;96,6915;71,6042;53,245;141,1779;161,9523;160,4178;0,6849;0,4421;0,3319;24,2308;29,6091;28,6525;149,8031;1,9809;38,4032;725,0;9950,0;475,0
2015;7;1,44;136,5133;99,4073;85,4579;94,6463;48,702;42,8806;147,2145;179,2406;176,8637;0,6429;0,2717;0,2424;24,228;31,2248;29,6479;73,1818;0,6269;24,4165;825,0;20225,0;1225,0
2015;8;1,73;150,8703;72,2951;71,2493;97,3028;31,7694;34,1076;174,145;224,6384;211,8121;0,5587;0,1414;0,161;25,9386;35,2632;32,7383;63,5042;1,022;19,8431;2450,0;43225,0;18425,0
2015;9;2,02;143,4892;23,8537;44,6862;96,3688;20,2865;24,4572;215,9385;261,7929;248,1522;0,4463;0,0775;0,0986;30,5514;41,5524;38,1202;17,7942;1,883;4,1441;12900,0;529625,0;298950,0
2015;10;2,28;125,4077;27,5224;35,1819;89,7657;26,9444;22,2091;236,3598;263,1278;263,296;0,3798;0,1024;0,0844;33,5648;43,4864;40,8273;24,1436;37,8564;12,0347;19600,0;539325,0;143500,0
2015;11;2,45;89,8696;62,0924;34,9405;88,2031;63,9809;31,5804;223,1886;204,676;245,2661;0,3952;0,3126;0,1288;35,9891;39,4252;41,2404;30,2997;147,2506;48,6925;24200,0;98725,0;44150,0
2015;12;2,59;95,5194;68,2959;39,0103;76,7749;54,6136;32,0506;213,2743;220,4763;230,3634;0,36;0,2477;0,1391;35,2071;37,9061;39,1485;19,573;38,0133;11,8397;64425,0;69100,0;37450,0
2016;1;2,5;78,9811;76,7508;63,2525;83,3241;86,111;67,1889;171,4278;149,7616;168,8338;0,4861;0,575;0,398;33,2847;31,5074;33,8029;250,4824;463,2875;393,7822;3675,0;10300,0;2100,0
2016;2;2,21;149,5746;165,8256;157,5103;120,9107;121,1851;114,262;246,3683;230,2847;238,8569;0,4908;0,5262;0,4784;28,7887;31,7067;30,462;27,3049;33,2508;25,4153;5700,0;5275,0;575,0
2016;3;1,69;122,0626;119,5662;103,4657;98,2856;100,1438;83,9557;235,3253;230,9094;242,8176;0,4177;0,4337;0,3458;31,6415;33,1462;32,6767;34,2647;71,5822;11,3582;1275,0;6925,0;0,0
2016;4;1,11;105,8757;82,9952;69,8612;86,4544;67,6719;57,3143;198,9214;212,6808;216,2683;0,4346;0,3182;0,265;30,8004;33,4964;32,7325;29,958;9,0183;9,3557;1475,0;16000,0;1150,0
2016;5;0,57;100,2105;69,1521;62,6946;80,4783;47,1372;42,7608;159,3375;192,1813;187,2839;0,5051;0,2453;0,2283;29,2782;32,8428;32,1502;58,2159;1,9023;23,9192;3150,0;5475,0;25,0
2016;6;0,09;99,5596;68,3225;69,5138;76,8554;37,7331;38,7157;140,0084;185,6417;175,2312;0,5489;0,2033;0,2209;26,9005;31,3042;30,4338;49,7753;3,8032;14,6735;1375,0;19525,0;100,0
2016;7;-0,19;128,0572;64,0901;74,9347;83,1351;28,224;33,3423;146,4629;203,2872;184,2054;0,5676;0,1388;0,181;25,6911;32,8994;30,3833;55,5738;0,7077;10,0707;150,0;16050,0;775,0
2016;8;-0,34;136,6128;37,2234;59,0244;85,623;21,3073;28,081;171,1305;234,9578;211,2105;0,5003;0,0907;0,133;27,1197;36,6177;33,9042;52,932;1,6027;14,1381;425,0;60850,0;17325,0
2016;9;-0,42;134,193;29,6144;49,5537;90,1374;25,6978;27,4056;199,243;234,952;232,9395;0,4524;0,1094;0,1177;30,255;39,4401;37,3382;56,0375;26,8896;20,0241;825,0;135075,0;44175,0
2016;10;-0,51;144,9246;48,8804;56,8705;104,3468;39,4456;34,3123;230,7271;256,777;250,9197;0,4523;0,1536;0,1367;29,6761;40,385;37,9446;95,4437;70,515;40,754;650,0;50125,0;22850,0
2016;11;-0,49;122,6866;94,4085;79,8769;112,2372;86,1939;64,8119;215,3055;186,0854;220,4231;0,5213;0,4632;0,294;31,2379;36,6706;37,5567;146,4594;163,4222;94,694;725,0;46200,0;7225,0
2016;12;-0,37;125,7708;118,5752;92,0098;106,431;89,5398;64,9157;212,1635;192,7953;218,7791;0,5016;0,4644;0,2967;30,7134;33,4619;34,7856;69,8338;110,9241;46,9646;925,0;9150,0;3550,0
2017;1;-0,08;131,9101;102,2788;73,6047;98,9537;83,0084;51,5224;228,9865;204,8192;230,9449;0,4321;0,4053;0,2231;31,5325;34,4415;36,1824;16,3979;76,1194;17,8831;975,0;2300,0;4775,0
2017;2;0,08;125,3509;129,6465;80,2987;94,1059;115,3251;59,8694;228,5957;187,5611;217,6078;0,4117;0,6149;0,2751;29,8296;29,8961;34,2268;95,4935;209,0611;78,0821;0,0;2125,0;50,0
2017;3;0,27;111,2588;131,8733;88,1497;98,9608;110,4166;61,2086;221,7265;201,3782;222,8312;0,4463;0,5483;0,2747;30,795;31,2725;35,2896;112,6526;150,2258;79,9727;0,0;18525,0;1550,0
2017;4;0,32;130,338;139,7765;99,9276;109,6741;105,9731;68,8532;199,6676;204,358;209,9655;0,5493;0,5186;0,3279;27,4576;31,228;31,7188;92,4676;54,6634;52,2286;0,0;6325,0;325,0
2017;5;0,35;126,8522;120,3385;81,6005;107,1381;74,1308;48,7685;166,6171;189,8423;190,4555;0,643;0,3905;0,2561;26,2889;31,5847;32,3009;82,4595;16,6735;28,4637;0,0;10375,0;500,0
2017;6;0,32;127,9068;97,8212;76,857;95,279;45,5155;37,0316;150,2562;187,8791;174,8527;0,6341;0,2423;0,2118;25,0049;31,0016;30,2936;85,7076;1,1301;25,6442;0,0;6825,0;0,0
2017;7;0,14;127,5524;95,5835;80,2979;84,8144;34,445;33,1747;139,4873;191,4938;178,0385;0,608;0,1799;0,1863;22,8579;30,0942;28,4539;92,7004;5,2087;32,2172;625,0;6600,0;2675,0
2017;8;-0,07;149,984;53,6807;63,3974;92,2802;23,7101;27,4145;171,6106;233,188;213,3234;0,5377;0,1017;0,1285;25,2863;35,9587;33,3519;32,6471;0,9394;7,8191;1700,0;63975,0;7200,0
2017;9;-0,23;146,0235;42,2376;61,706;92,705;21,5881;26,7476;197,2265;253,5824;236,7777;0,47;0,0851;0,113;26,4343;39,2185;34,7296;72,7057;2,16;36,1409;300,0;108225,0;10650,0
2017;10;-0,44;132,0946;19,6389;42,2028;97,9636;28,5968;27,0995;219,5007;242,4446;244,1665;0,4463;0,118;0,111;29,9761;42,1845;39,3258;21,0724;17,3443;10,5854;2125,0;302200,0;77475,0
2017;11;-0,61;122,1645;91,9629;73,291;107,8231;81,2857;55,702;209,9507;191,2537;222,9052;0,5136;0,425;0,2499;31,0691;36,1149;37,9873;114,811;152,6663;81,9726;700,0;17500,0;4175,0
2017;12;-0,76;121,4368;108,3088;81,9851;105,0439;90,2231;61,8456;191,9733;176,4929;204,2074;0,5472;0,5112;0,3029;29,5919;33,401;35,2185;141,7177;154,5464;77,7016;25,0;10250,0;850,0
2018;1;-0,71;148,9676;128,8096;77,7279;109,2338;98,5627;57,5447;226,6513;206,4154;227,4679;0,4819;0,4775;0,253;30,4501;32,48;35,0169;50,4282;122,9015;57,4675;1400,0;25,0;0,0
2018;2;-0,67;133,56;140,454;106,9772;113,9063;119,4782;80,9386;227,8218;194,5646;216,4868;0,5;0,6141;0,3739;29,3776;28,3552;31,9658;112,6336;228,2245;135,4162;3375,0;9100,0;0,0
2018;3;-0,55;129,3485;141,0566;131,402;116,204;120,3985;103,3198;208,879;196,6263;209,5864;0,5563;0,6123;0,493;29,3858;29,3717;30,6443;99,9355;175,6036;114,0099;1150,0;25225,0;0,0
2018;4;-0,35;143,0091;146,6212;132,9883;112,5524;114,5274;90,1162;190,4263;184,1806;199,7589;0,5911;0,6218;0,4511;26,4443;29,4562;29,8049;108,4573;82,1325;40,0045;800,0;4375,0;225,0
2018;5;-0,07;139,3573;146,6775;108,0424;106,7449;83,9937;59,8316;163,3507;179,1089;183,0038;0,6535;0,469;0,3269;25,5322;30,5082;30,2372;90,1332;3,3549;24,6901;0,0;1600,0;575,0
2018;6;0,13;131,8158;118,4909;90,9069;95,8664;59,2636;43,7168;145,627;169,696;168,7262;0,6583;0,3492;0,2591;24,1388;30,4869;29,3319;85,1982;2,5106;28,4974;0,0;6825,0;1375,0
2018;7;0,2;145,919;95,5915;75,6141;92,5498;38,7985;30,1032;153,8243;189,2872;183,836;0,6017;0,205;0,1638;24,2939;31,9926;30,5151;43,7199;0,2803;7,1723;1375,0;5600,0;950,0
2018;8;0,3;134,5931;65,06;54,8709;89,8357;32,9635;24,8875;175,121;218,91;213,1772;0,513;0,1506;0,1167;26,2973;35,5499;34,2323;35,1284;8,6819;7,9638;600,0;25325,0;8575,0
2018;9;0,52;136,6724;31,0801;40,4188;89,5952;24,3709;20,5377;210,3281;258,5594;246,8361;0,426;0,0943;0,0832;30,3308;39,9454;37,7707;25,5006;3,1826;4,7865;10250,0;114400,0;33375,0
2018;10;0,82;103,9715;53,4946;40,6049;90,0809;59,3647;31,6778;204,2599;200,8754;236,8189;0,441;0,2955;0,1338;32,9834;38,7457;40,5242;62,6684;112,2505;43,5458;10250,0;118475,0;28400,0
2018;11;1,04;121,2457;110,1548;78,249;108,5406;99,1288;65,0523;201,1738;186,1657;209,9306;0,5395;0,5325;0,3099;28,6211;31,9292;34,0403;134,8443;214,2044;68,9583;400,0;20350,0;1525,0
2018;12;1,05;125,6454;116,7892;106,0316;111,5092;97,6648;82,7281;197,4299;182,5963;199,3708;0,5648;0,5349;0,4149;29,6487;31,2924;31,9434;150,9369;171,3843;134,5774;300,0;21500,0;450,0
2019;1;0,99;137,5977;124,8368;85,487;102,027;102,3229;65,9002;221,1908;196,79;215,2949;0,4613;0,52;0,3061;30,3292;31,6453;33,9063;16,7816;41,7172;13,3259;950,0;7375,0;3375,0
2019;2;0,94;115,9743;131,0066;78,3853;98,1792;112,6735;63,6158;241,7532;214,7505;231,4964;0,4061;0,5247;0,2748;32,5597;31,9105;34,6206;40,3977;151,2525;96,9873;8675,0;4900,0;1375,0
2019;3;0,87;90,4925;124,3213;92,5266;93,0375;118,1333;77,5376;204,9091;191,4179;218,0915;0,454;0,6171;0,3555;31,7951;30,057;33,1451;130,5456;253,6399;143,6668;11650,0;7925,0;475,0
2019;4;0,82;138,1798;143,2932;131,1571;124,7727;115,3192;100,6512;203,9052;198,8468;210,2103;0,6119;0,5799;0,4788;28,5013;29,5409;29,8982;101,9859;101,9304;71,4906;275,0;10525,0;625,0
2019;5;0,71;126,8781;137,0799;104,8418;115,9124;92,9376;67,7268;173,7901;183,8433;184,3736;0,667;0,5055;0,3673;27,3313;30,9301;31,4539;59,5326;29,928;23,9042;1750,0;5300,0;750,0
2019;6;0,59;125,4611;126,6644;96,1937;93,7121;64,7427;47,5003;146,2167;170,4504;167,9286;0,6409;0,3798;0,2829;25,4183;29,9515;29,616;83,6008;1,364;32,8144;1200,0;4700,0;1550,0
2019;7;0,38;128,1361;98,3228;82,389;88,7246;43,102;38,4937;147,2011;189,2934;181,9362;0,6027;0,2277;0,2116;25,0194;31,5525;30,4051;76,1902;0,9152;26,6531;50,0;17450,0;1300,0
2019;8;0,2;151,6691;78,1691;74,9706;97,114;35,4446;34,9856;170,7045;216,6789;207,7682;0,5689;0,1636;0,1684;25,6124;34,7165;31,955;74,057;1,7618;22,0885;525,0;58025,0;5200,0
2019;9;0,31;152,9456;44,2305;54,7104;101,3786;27,7626;28,432;206,4777;251,5561;243,3144;0,491;0,1104;0,1169;27,9784;39,5289;36,4633;57,464;12,8391;17,6812;1425,0;207375,0;13650,0
2019;10;0,51;133,4715;43,3435;40,7434;100,5596;36,955;27,1921;234,275;255,0726;255,6926;0,4292;0,1449;0,1063;31,5637;41,546;40,1996;50,1045;53,0562;26,8962;9250,0;139200,0;38350,0
2019;11;0,72;118,619;72,9269;47,2758;104,1317;72,8937;36,4659;231,9219;214,9503;247,7831;0,449;0,3391;0,1472;33,9792;37,3679;40,4421;67,7178;127,9072;41,9125;16500,0;57825,0;25100,0
2019;12;0,75;121,5565;81,9483;45,2675;97,6453;68,8957;34,1861;222,3615;212,1479;231,0997;0,4391;0,3248;0,1479;30,9215;35,4854;38,2576;65,6779;70,3631;34,3412;2150,0;40000,0;3100,0
2020;1;0,71;111,6857;111,1953;79,3289;102,116;94,9026;67,1241;200,1087;187,7869;194,3794;0,5103;0,5054;0,3453;30,2785;31,9275;33,9043;143,4494;287,8707;186,7359;1850,0;500,0;625,0
2020;2;0,66;134,5566;133,008;130,0876;120,9387;123,0068;108,7134;226,222;195,6306;214,2938;0,5346;0,6288;0,5073;30,6982;30,4794;31,247;36,9546;170,5006;74,3955;5500,0;1075,0;575,0
2020;3;0,57;112,9185;116,3478;113,545;114,1231;116,3762;107,5502;196,7498;174,4388;197,1445;0,58;0,6671;0,5455;28,9909;28,487;29,7582;190,8692;279,5107;205,3584;575,0;48375,0;250,0
2020;4;0,33;138,9033;135,8324;142,6554;126,3315;120,3409;120,4036;193,4033;183,9675;201,3924;0,6532;0,6541;0,5979;27,6888;29,3846;28,3156;171,0197;146,4536;123,5859;0,0;14575,0;225,0
2020;5;0,04;134,2821;145,497;139,7319;115,7955;105,9568;107,9281;161,0056;167,6261;177,1691;0,7192;0,6321;0,6092;25,4718;28,3165;27,0989;111,8817;31,33;47,289;0,0;11325,0;550,0
2020;6;-0,18;141,6425;151,1364;138,295;105,7798;87,0021;80,4805;150,2039;165,1354;167,7947;0,7042;0,5269;0,4796;24,5829;28,3411;26,7673;67,9848;2,2819;36,9385;2825,0;12850,0;425,0
2020;7;-0,29;154,5303;129,3433;115,4159;100,8565;61,8504;56,5389;152,1515;172,7211;172,0321;0,6629;0,3581;0,3287;23,8928;29,5623;27,3423;57,5674;0,7126;32,7664;0,0;14475,0;2725,0
2020;8;-0,43;160,7843;100,5695;94,5368;101,8861;46,1568;46,6268;170,8631;212,6598;204,2588;0,5963;0,217;0,2283;24,4373;33,6396;30,2418;53,5042;1,0384;19,4713;1200,0;47600,0;4525,0
2020;9;-0,77;163,4459;56,4126;66,4375;99,9701;33,2589;34,4284;211,8126;252,1245;241,6821;0,472;0,1319;0,1425;28,3701;38,9926;35,1415;28,3416;4,1792;11,9175;1975,0;118425,0;39575,0
2020;10;-1,0;113,7231;59,0083;49,1932;106,1791;60,8918;45,9234;195,1021;197,7326;226,4545;0,5442;0,308;0,2028;30,4008;39,7573;38,4284;110,9577;98,2948;64,6789;8050,0;423100,0;123500,0
2020;11;-1,11;158,9291;119,4836;115,2409;127,3553;99,7203;100,4932;226,4603;214,9076;231,9175;0,5624;0,464;0,4333;28,8086;33,653;30,9398;143,526;184,8478;161,6389;0,0;33700,0;150,0
2020;12;-1,06;160,2926;118,3799;91,7802;121,0091;95,6047;85,3593;234,1872;221,9091;236,755;0,5167;0,4308;0,3605;29,5635;34,2283;32,5865;24,4117;102,846;15,2766;275,0;10450,0;4250,0
2021;1;-0,99;143,7253;129,5735;75,4736;103,5387;103,3085;69,2335;224,637;222,207;228,8373;0,4609;0,4649;0,3025;29,6128;31,8383;32,8956;53,4475;118,2898;50,5572;1325,0;2925,0;5500,0
2021;2;-0,85;122,0704;127,3835;86,4771;105,3506;113,7485;78,3583;212,0784;201,5446;218,2045;0,4968;0,5644;0,3591;29,9363;29,8852;32,572;78,3479;249,5516;116,3057;1350,0;6700,0;250,0
2021;3;-0,74;130,9141;131,3536;94,4134;108,4047;105,4638;77,3637;231,6974;215,4323;239,4985;0,4679;0,4895;0,323;30,6918;29,9928;32,4448;26,4486;57,0582;18,6199;6725,0;28375,0;3750,0
2021;4;-0,56;116,2416;105,6911;85,7869;102,83;89,0662;68,4636;186,9418;186,6316;198,1459;0,5501;0,4772;0,3455;29,6059;30,5203;31,6728;108,9475;129,1754;98,4167;2825,0;15850,0;1300,0
2021;5;-0,4;121,9457;110,7702;92,6354;98,6442;66,493;61,5861;162,5002;182,373;184,9377;0,607;0,3646;0,333;26,942;30,0625;29,9117;27,1104;0,8986;14,8572;2400,0;7400,0;3800,0
2021;6;-0,31;116,521;92,4194;78,3024;82,7885;47,39;40,8817;143,325;179,1035;175,9965;0,5776;0,2646;0,2323;24,5776;30,111;29,4558;43,7192;1,3549;12,5886;1425,0;15625,0;3675,0
2021;7;-0,35;120,9511;79,0526;76,6207;77,0612;33,3662;36,0781;144,5529;196,481;183,9987;0,5331;0,1698;0,1961;25,9046;31,1998;29,9948;57,0022;0,6984;28,4764;2225,0;25750,0;8975,0
2021;8;-0,46;132,0246;63,4821;72,9987;79,9077;28,2425;32,559;167,8834;222,9235;210,0499;0,476;0,1267;0,155;25,6444;34,503;32,0849;42,7344;1,2133;16,038;875,0;163175,0;24900,0
2021;9;-0,64;127,3496;6,914;42,4019;88,4653;15,9752;23,944;213,039;262,5397;246,6504;0,4153;0,0608;0,0971;30,6773;40,7382;37,5579;32,5672;4,1192;3,1363;7200,0;741000,0;223350,0
2021;10;-0,77;111,4732;46,8447;44,8707;96,8221;46,0221;38,6939;201,3508;214,5536;226,2289;0,4809;0,2145;0,171;30,312;38,8749;38,3254;90,3669;96,5092;71,8032;11325,0;283550,0;238025,0
2021;11;-0,91;139,1046;112,4123;111,284;125,8333;104,5195;98,1988;206,4592;193,8349;219,623;0,6095;0,5392;0,4471;28,7671;33,1292;31,7556;185,2916;226,687;168,0466;475,0;5275,0;200,0
2021;12;-0,83;123,3948;99,203;107,7479;118,1455;101,5012;99,0133;180,1444;155,1941;183,8738;0,6558;0,654;0,5385;27,6434;29,1029;29,629;386,0143;426,7546;291,3157;0,0;0,0;0,0
2022;1;-0,76;151,1328;134,7881;142,1538;114,4473;114,7998;110,0323;204,8164;174,8332;204,6756;0,5588;0,6566;0,5376;28,3674;28,2083;28,4126;91,0464;206,0885;108,7796;0,0;1550,0;675,0
2022;2;-0,68;146,2795;146,209;135,8298;120,12;125,9784;110,5182;216,0202;199,6266;222,2778;0,5561;0,6311;0,4972;29,109;28,5695;29,0485;61,443;157,9377;61,4947;100,0;20850,0;1200,0
2022;3;-0,77;159,4006;167,3664;138,3641;124,3349;129,8125;101,4641;222,1511;216,9268;227,2333;0,5597;0,5984;0,4465;27,142;30,4321;28,8776;99,5318;68,3965;62,6648;0,0;33050,0;925,0
2022;4;-0,86;135,491;144,0779;107,1788;114,8382;102,4785;78,4097;197,6644;208,6056;213,8607;0,581;0,4913;0,3666;27,7022;31,2699;30,2616;106,3539;48,2092;57,7407;1975,0;13875,0;2500,0
2022;5;-0,83;131,7111;125,463;94,75;102,7227;70,9985;57,7655;162,2834;180,5089;181,5166;0,633;0,3933;0,3182;25,586;29,8757;29,0113;44,6947;3,7294;15,5536;2625,0;10950,0;800,0
2022;6;-0,73;131,5401;100,286;85,8919;89,8218;48,4677;43,2092;148,8116;175,582;175,6905;0,6036;0,276;0,2459;24,8622;29,8696;28,4035;22,272;0,2651;15,9237;1275,0;13100,0;1925,0
2022;7;-0,7;130,4395;89,1673;80,9318;81,0517;38,5099;35,1849;148,6791;191,6562;183,465;0,5451;0,2009;0,1918;23,8658;30,1586;28,16;65,1658;1,0983;29,4536;300,0;29475,0;3550,0
2022;8;-0,78;134,0317;70,7497;72,9901;81,7841;29,2404;31,2517;166,2832;223,4133;210,9775;0,4918;0,1309;0,1481;25,5611;33,5324;30,7933;43,2348;0,3431;18,0066;1525,0;74600,0;28450,0
2022;9;-0,87;138,0261;34,5768;52,8752;92,3055;26,0368;27,97;205,4075;247,4626;244,3134;0,4494;0,1052;0,1145;29,065;38,438;35,9679;35,5644;22,0176;9,2896;875,0;201750,0;52975,0
2022;10;-0,89;132,0442;51,0076;55,3192;95,2811;44,6716;36,9364;212,5949;228,6782;232,4202;0,4482;0,1953;0,1589;28,7749;35,5504;37,1072;49,8923;40,0382;23,0186;1025,0;293375,0;125725,0
2022;11;-0,82;112,1597;101,9811;108,3184;108,4415;99,8417;92,6661;175,1424;166,3469;194,7479;0,6192;0,6002;0,4758;28,3527;30,8322;30,1072;252,6554;308,8036;231,7824;225,0;11475,0;0,0
2022;12;-0,7;125,1141;110,5428;126,3582;109,4292;104,6454;103,8672;173,2742;161,1767;193,9561;0,6315;0,6493;0,5355;27,6883;29,7678;28,5921;257,8547;245,5946;189,0139;100,0;4050,0;600,0
2023;1;-0,55;159,6314;140,8879;140,7608;122,7509;117,2748;106,3529;201,9253;185,6843;210,3156;0,6079;0,6316;0,5057;27,3623;28,709;28,2352;88,0813;203,7327;91,9237;100,0;6525,0;1750,0
2023;2;-0,33;175,9883;179,1981;137,1435;125,6731;136,9073;102,311;237,8721;228,9148;247,0045;0,5283;0,5981;0,4142;28,4133;29,5012;30,0305;42,346;39,869;25,4505;675,0;14275,0;325,0
2023;3;-0,11;162,2011;140,5427;110,6402;117,0984;117,3411;81,0754;229,6951;198,8415;229,0247;0,5098;0,5901;0,354;27,3224;30,0159;30,3314;66,318;118,3996;68,3474;125,0;18050,0;1000,0
2023;4;0,19;129,2168;136,6678;102,5632;114,7308;101,044;76,3607;195,6199;196,3873;210,8876;0,5865;0,5145;0,3621;27,5728;30,1957;29,9888;120,8549;62,9802;41,2318;675,0;9125,0;1125,0
2023;5;0,46;131,9808;136,5213;100,8068;104,0803;88,7802;66,5668;161,8748;179,141;178,0639;0,643;0,4956;0,3738;24,7724;28,9246;28,0136;67,7027;20,6235;51,8771;925,0;15600,0;1525,0
2023;6;0,73;134,9036;115,6054;92,0555;93,9908;62,6494;48,3316;146,0301;172,3263;171,3387;0,6436;0,3636;0,2821;23,8514;28,9298;27,7558;51,7528;0,961;22,4815;1675,0;17000,0;1550,0
2023;7;1,0;132,1512;89,185;78,2411;86,4808;40,9886;36,525;147,8307;189,4176;183,7009;0,585;0,2164;0,1988;23,9738;30,103;28,7935;49,9128;1,1156;15,5573;400,0;20550,0;10675,0
2023;8;1,25;136,9226;62,0203;58,829;88,0487;30,7582;27,501;176,7802;218,386;215,6897;0,4981;0,1408;0,1275;26,2186;33,436;31,9381;38,2334;16,4325;14,1969;1625,0;66125,0;6200,0
2023;9;1,5;142,1113;33,381;42,4103;92,8065;27,4977;24,0841;210,9534;252,3079;248,028;0,4399;0,109;0,0971;28,1773;37,8655;35,6051;27,4001;10,5787;10,8124;1725,0;159200,0;59775,0
2023;10;1,74;119,6809;38,8737;34,889;87,9519;39,7086;24,1654;226,6746;242,7275;256,7722;0,388;0,1636;0,0941;31,8641;38,7774;37,7768;23,2603;34,2868;7,6566;7150,0;227175,0;118350,0
2023;11;1,9;113,2444;38,7775;28,4703;86,4963;41,8953;29,9254;250,1933;265,3821;264,8006;0,3457;0,1579;0,113;33,8259;37,6915;38,1635;15,3486;63,148;37,0456;39275,0;31450,0;24100,0
2023;12;1,99;90,8254;40,758;32,8023;78,6463;46,3767;31,7306;217,1317;221,4696;222,0613;0,3622;0,2094;0,1429;32,879;35,6335;36,2147;85,7138;94,1158;55,9401;16775,0;18825,0;15925,0
2024;1;1,84;91,1168;96,8224;73,842;90,5586;91,2835;65,5133;205,5047;192,0975;210,2518;0,4407;0,4752;0,3116;30,6851;31,9217;33,1115;273,6038;272,0337;225,8716;3725,0;6900,0;1875,0
2024;2;1,53;130,7425;130,8513;121,7954;117,0616;118,0541;102,3041;207,5999;199,3592;215,2568;0,5639;0,5922;0,4753;27,785;27,9214;28,525;177,7887;200,2543;162,1859;0,0;10450,0;50,0
2024;3;1,18;132,1963;140,012;125,0176;123,8018;116,4082;113,7391;235,865;232,8266;243,8622;0,5249;0,5;0,4664;28,3482;29,5964;28,8499;69,6629;97,4008;46,0212;0,0;46200,0;5000,0
2024;4;0,77;136,5176;130,1207;115,8023;122,5515;104,1081;103,0055;200,0542;205,7343;210,7177;0,6126;0,506;0,4888;26,3951;29,2096;27,6384;142,244;89,9142;83,6508;0,0;14825,0;200,0
2024;5;0,43;131,295;105,0346;108,9349;108,8932;69,6544;74,3615;175,2921;193,8739;189,3161;0,6212;0,3593;0,3928;25,9982;29,5331;27,7851;48,6356;2,0889;22,5076;0,0;7775,0;525,0
2024;6;0,18;132,6019;89,2582;96,3152;96,7646;44,1601;51,7149;150,3128;183,8388;173,3166;0,6438;0,2402;0,2984;23,7557;28,2009;26,3553;86,515;3,8901;35,8393;550,0;9575,0;3900,0
2024;7;0,06;130,6866;79,3255;90,449;82,3295;32,0156;37,7941;150,9018;196,4249;183,2316;0,5456;0,163;0,2063;23,6465;28,7416;26,4129;34,6308;0,6758;15,0394;600,0;14200,0;4400,0
2024;8;-0,04;144,8861;48,2179;70,6383;89,6206;23,1336;30,3009;175,5784;228,7685;212,2694;0,5104;0,1011;0,1427;24,8303;32,3251;29,5603;45,9278;1,6479;16,8086;1550,0;98175,0;16075,0
2024;9;-0,12;142,8133;20,0658;57,0734;87,7044;16,4084;24,8506;211,5537;256,714;245,452;0,4146;0,0639;0,1012;27,27;36,3239;32,6424;18,9709;0,5446;2,8441;1700,0;415250,0;21500,0
2024;10;-0,19;117,9204;30,5643;41,3372;89,8158;32,2698;31,8823;215,4577;228,8901;248,2231;0,4169;0,141;0,1284;29,9619;35,7976;35,3626;46,3587;118,4648;42,1722;1750,0;252550,0;28000,0
2024;11;-0,29;134,9953;94,9361;71,1503;105,8382;83,4999;66,8253;228,2082;219,4646;238,06;0,4638;0,3805;0,2807;29,0111;31,9762;32,7289;144,7655;206,1344;102,6643;1025,0;53125,0;2475,0
2024;12;-0,43;120,8973;83,2495;57,8838;98,5217;85,0017;61,3628;226,0377;202,1269;231,7359;0,4359;0,4205;0,2648;28,9876;30,6188;32,6396;27,8037;120,6283;30,5499;4175,0;2050,0;9600,0
2025;1;-0,46;116,5939;113,1227;82,6815;101,2296;102,0424;69,8028;202,4796;192,8818;211,8512;0,4999;0,529;0,3295;28,3637;27,9251;29,6499;114,8697;216,5941;131,9072;850,0;3625,0;450,0
2025;2;-0,22;162,5584;138,6054;111,0613;108,0214;106,7813;85,5591;244,0271;230,0279;246,8461;0,4427;0,4642;0,3466;26,5991;27,6365;28,4504;51,4994;57,5989;24,3758;0,0;10400,0;100,0
2025;3;-0,08;139,0962;78,5307;69,7134;105,3423;68,0898;55,7865;230,9426;233,0912;242,0113;0,4561;0,2921;0,2305;26,3057;29,3642;29,788;51,6546;69,2327;20,3321;0,0;18400,0;2025,0
2025;4;0,02;113,4156;90,1775;68,4308;101,914;77,3947;57,1771;197,4758;208,0822;217,8298;0,5161;0,3719;0,2625;26,4468;28,1957;30,3743;86,2296;72,286;56,6659;0,0;2625,0;225,0
2025;5;-0,04;142,6149;117,6235;107,1164;104,0607;68,4502;60,4812;160,6404;186,9037;182,2066;0,6478;0,3662;0,3319;23,6382;26,3517;26,6377;127,9292;25,3051;80,2584;1975,0;14750,0;1075,0
2025;6;-0,02;143,5284;84,7022;89,081;89,6347;38,7588;39,7323;143,9232;184,7737;173,1551;0,6228;0,2098;0,2295;22,5139;26,2287;25,7821;40,7939;0,707;23,495;1350,0;17800,0;2075,0
2025;7;-0,11;153,7669;79,4404;87,3908;87,1631;27,2678;33,1813;144,2506;195,9982;179,3899;0,6042;0,1391;0,185;22,0856;27,1017;25,8838;37,7792;0,679;14,2213;3000,0;39725,0;4625,0
2025;8;-0,26;150,5593;50,3767;70,8081;80,9974;20,8007;25,9622;171,5607;231,2444;212,3732;0,4721;0,09;0,1222;22,7813;29,3503;27,6707;32,4958;2,3065;13,7302;825,0;114375,0;25375,0
2025;9;-0,43;150,3856;19,3704;54,984;79,0542;15,7058;21,0891;207,28;263,2997;246,1377;0,3814;0,0597;0,0857;25,1683;33,5595;30,8077;33,4725;4,0557;10,4799;2725,0;330000,0;69175,0
2025;10;-0,57;134,5004;23,3365;46,0701;83,0114;21,2525;23,1219;215,346;250,7405;250,7562;0,3855;0,0848;0,0922;26,2922;35,1868;33,3615;;;;2175,0;309600,0;41300,0
2025;11;-0,61;133,1841;84,4095;75,4927;100,5829;74,6588;57,6409;195,8489;180,17;209,5345;0,5136;0,4144;0,2751;26,3084;31,9654;31,5094;;;;250,0;41725,0;5025,0
2025;12;-0,6;144,3913;128,1676;99,7467;96,4697;100,2602;69,5261;198,0127;176,8393;206,5678;0,4872;0,567;0,3366;26,2234;28,7363;29,418;;;;50,0;21575,0;4850,0
