year,month,ONI,ENSO_phase,PSN_MA,EV_MA,PET_MA,WAI_MA,PRE_MA,TST_MA,BURN_MA,PSN_CE,EV_CE,PET_CE,WAI_CE,PRE_CE,TST_CE,BURN_CE,PSN_CA,EV_CA,PET_CA,WAI_CA,PRE_CA,TST_CA,BURN_CA
2001,1,-0.7600,La Niña,161.6541,116.8653,217.5747,0.5371,49.6895,29.1096,5200,133.7422,92.6071,218.4159,0.4240,58.3005,31.5003,7850,133.5361,106.2291,219.3035,0.4844,28.6896,30.0072,7025
2001,2,-0.5400,La Niña,134.8238,107.7990,241.1154,0.4471,43.9821,32.0010,12050,84.1919,82.4445,249.1432,0.3309,104.0196,31.3417,1775,75.7057,76.8603,240.6870,0.3193,36.2057,33.4961,275
2001,3,-0.4300,Neutral,126.1240,110.4488,206.1173,0.5359,112.1279,29.1372,50,100.2236,88.6509,202.1379,0.4386,163.1524,30.2458,10825,94.1120,81.7372,214.0357,0.3819,94.5384,31.6040,250
2001,4,-0.2900,Neutral,134.8856,115.5542,201.6987,0.5729,79.9661,27.8492,0,82.8162,69.7852,227.4796,0.3068,38.3165,30.7771,15850,88.9669,68.5096,216.0492,0.3171,28.2150,31.7033,125
2001,5,-0.1900,Neutral,112.7375,99.1285,161.3049,0.6145,104.4185,27.7659,0,49.6629,42.2946,209.7364,0.2017,21.5359,30.7237,6350,61.5890,43.0266,197.5063,0.2178,21.1658,32.8695,325
2001,6,-0.0800,Neutral,128.5406,85.8443,142.1115,0.6041,118.4004,24.1966,0,71.3550,35.9076,195.1987,0.1840,1.0723,29.4078,10350,76.5573,36.7496,174.4009,0.2107,36.0094,29.4570,3475
2001,7,-0.0500,Neutral,135.6736,85.7563,146.7145,0.5845,97.9959,24.3280,0,58.6063,26.8873,213.5746,0.1259,1.2406,30.3744,66275,75.5775,35.1570,186.0688,0.1889,20.2575,29.5065,2600
2001,8,-0.1300,Neutral,141.8455,88.3040,163.6012,0.5398,97.0637,24.6058,0,50.8249,26.1078,232.1966,0.1124,1.2968,33.2247,246375,71.1243,34.2609,203.9630,0.1680,24.5272,31.2375,22475
2001,9,-0.1500,Neutral,149.9371,97.4900,200.3869,0.4865,80.5712,28.9842,0,3.4221,16.1168,269.3919,0.0598,13.6309,38.3086,481525,49.5002,27.7706,243.8408,0.1139,20.8163,36.9353,40650
2001,10,-0.2600,Neutral,148.2268,111.7316,204.8344,0.5455,153.9614,29.2663,200,56.4236,48.2346,234.4881,0.2057,128.3884,35.3977,176450,61.3882,43.9959,242.7132,0.1813,60.3811,38.1546,62375
2001,11,-0.3300,Neutral,148.3619,115.3365,222.4618,0.5185,75.3584,30.8040,0,85.0236,72.4289,233.3355,0.3104,195.4114,33.5968,16850,67.9367,57.0932,241.2405,0.2367,57.7101,37.0970,5625
2001,12,-0.3200,Neutral,133.3912,104.5851,193.7108,0.5399,141.7928,29.2887,0,86.6999,69.4243,208.3852,0.3332,174.1960,32.8353,0,71.4924,59.1801,215.7339,0.2743,120.8792,34.4882,0
2002,1,-0.1500,Neutral,127.4268,109.8093,169.6583,0.6472,243.5619,27.1610,0,123.4223,100.6081,180.2731,0.5581,211.3350,28.8600,3000,119.0026,101.7676,186.3313,0.5462,277.4654,29.1911,775
2002,2,0.0700,Neutral,175.2254,124.3747,227.3380,0.5471,138.6198,29.0210,0,128.5482,105.0129,236.7765,0.4435,119.5435,29.2116,10475,150.7544,125.9368,241.0419,0.5225,100.7217,29.3091,100
2002,3,0.1100,Neutral,158.6779,118.7836,217.7418,0.5455,83.0490,27.0913,0,69.8906,67.3770,227.5502,0.2961,79.4474,31.5137,10875,96.7163,83.0697,230.6910,0.3601,25.1821,30.3312,25
2002,4,0.1500,Neutral,148.6969,112.4202,198.4376,0.5665,74.8540,27.3975,0,82.1981,65.5489,223.4233,0.2934,54.2750,30.7058,3525,89.8385,69.4812,213.3479,0.3257,31.8663,30.9749,0
2002,5,0.3000,Neutral,134.1610,98.3349,166.6600,0.5900,87.9680,26.2843,1275,48.0834,36.9586,213.4331,0.1732,24.8791,31.0620,17225,76.4822,47.8945,194.9720,0.2456,30.5902,30.6678,1150
2002,6,0.4500,Neutral,121.4911,85.2178,140.0278,0.6086,104.6585,23.7082,50,59.9388,31.1076,194.5282,0.1599,0.8728,29.6377,21700,76.0609,38.7574,171.9483,0.2254,24.7712,28.5868,350
2002,7,0.5700,El Niño,135.3717,86.5657,149.6473,0.5785,92.1151,24.2932,25,41.3217,24.1304,215.0400,0.1122,2.5576,31.8146,63450,68.6364,32.6079,192.2867,0.1696,17.8122,30.5025,1550
2002,8,0.6300,El Niño,134.7345,86.5247,167.6365,0.5161,82.1798,25.2747,200,40.3063,22.5120,237.5869,0.0948,0.7135,34.3010,383175,62.2290,28.8733,213.2429,0.1354,16.8882,32.0071,10050
2002,9,0.7800,El Niño,154.9625,100.0989,201.4050,0.4970,113.3755,27.5314,1575,25.7902,24.0829,250.6882,0.0961,35.2464,37.1175,690550,56.2908,31.1252,238.7312,0.1304,38.6783,36.0124,52550
2002,10,0.9900,El Niño,137.4912,100.6244,219.1869,0.4591,30.3838,31.2968,15000,13.9994,30.7268,247.5134,0.1241,40.4260,39.6270,361850,43.7257,33.6714,243.9864,0.1380,10.8033,38.8113,40825
2002,11,1.1900,El Niño,141.4724,103.9274,231.1961,0.4495,71.3330,31.9445,11500,48.9115,47.6381,262.1673,0.1817,100.5474,39.1298,41475,63.3814,45.6940,253.3178,0.1804,51.2515,37.9945,14575
2002,12,1.0800,El Niño,98.3714,86.7938,191.1931,0.4540,156.3690,32.5588,33100,63.0327,63.4510,183.0518,0.3466,276.4993,32.5810,9975,59.5637,51.0218,201.8484,0.2528,151.9400,35.6863,6450
2003,1,0.9000,El Niño,111.4703,99.2413,195.3377,0.5080,60.3282,31.0521,5525,102.0313,89.8380,177.4825,0.5062,205.4171,29.3792,3875,88.1197,81.1341,202.9383,0.3998,110.7350,32.2105,2250
2003,2,0.5900,El Niño,138.1670,102.7038,233.7687,0.4393,53.9141,29.7679,6000,138.6714,105.3030,217.1459,0.4849,113.7282,30.8018,9300,108.6097,84.9794,231.5122,0.3671,32.4914,31.0593,4325
2003,3,0.3800,Neutral,117.1388,95.7150,212.3902,0.4507,81.0356,31.3592,5900,112.8005,97.3572,196.6425,0.4951,159.7719,30.1102,4275,93.3428,74.3419,220.3277,0.3374,98.3868,33.1188,2825
2003,4,-0.0100,Neutral,120.6033,101.7320,195.1422,0.5213,96.6810,29.1222,2025,131.2246,93.8577,203.3912,0.4615,72.4793,29.9036,12125,99.1833,73.6747,215.5663,0.3418,31.5843,31.9677,950
2003,5,-0.1800,Neutral,120.1291,97.2725,155.7850,0.6244,149.4644,27.2669,1225,104.8188,64.4375,174.7965,0.3686,25.2560,29.9801,11375,87.2250,56.4184,177.9595,0.3170,55.3828,31.0324,600
2003,6,-0.1300,Neutral,137.9318,91.5181,146.5286,0.6246,71.2213,25.4407,1800,94.8820,45.1929,180.4293,0.2505,0.9755,29.7343,19500,92.4735,44.7737,170.2438,0.2630,22.9659,29.0674,1125
2003,7,0.0900,Neutral,133.6005,82.4541,144.8804,0.5691,101.0986,24.2665,1125,79.0959,31.6434,200.8290,0.1576,0.3632,30.3781,37225,84.6741,37.0995,179.9911,0.2061,26.4210,28.9359,2225
2003,8,0.1400,Neutral,140.7141,90.9344,164.2507,0.5536,85.4775,25.8959,650,48.0696,27.3217,221.4291,0.1234,17.8776,33.8041,73400,66.5686,33.2729,207.7608,0.1601,22.6012,32.4844,4500
2003,9,0.2300,Neutral,150.7346,98.0161,199.5407,0.4912,71.5576,28.5452,9400,29.0331,25.4112,251.8735,0.1009,16.3731,37.7312,294400,55.2542,28.6766,238.6892,0.1201,16.9166,36.3864,42175
2003,10,0.2300,Neutral,138.5085,98.1150,211.5434,0.4638,56.3634,31.4657,23025,43.4241,35.8283,243.7813,0.1470,39.5678,38.0583,157800,48.7212,29.2357,241.9899,0.1208,13.0240,39.3595,42150
2003,11,0.2900,Neutral,132.2348,95.8296,237.2277,0.4040,71.6332,32.8855,4650,69.2450,66.7802,238.7495,0.2797,151.1173,35.8743,26650,60.4054,50.8797,251.6769,0.2022,79.5594,36.8093,5850
2003,12,0.2900,Neutral,104.2562,81.5222,210.4989,0.3873,52.2265,32.7687,30475,72.4919,67.2210,209.3270,0.3211,125.8149,33.6032,15225,44.2541,40.8018,224.0630,0.1821,33.1362,36.5983,12500
2004,1,0.3400,Neutral,94.4286,92.9323,169.0055,0.5499,245.0959,30.9372,350,93.5186,87.9128,167.6782,0.5243,395.3203,31.4349,2625,66.5498,72.3068,172.4584,0.4193,367.2321,34.1770,700
2004,2,0.2700,Neutral,169.6719,132.4431,222.7216,0.5947,128.0961,28.1781,1950,140.6500,122.0783,191.0337,0.6390,254.7186,28.1564,425,167.6231,130.9172,224.6714,0.5827,129.9139,28.2491,625
2004,3,0.1900,Neutral,134.1104,120.4881,192.3948,0.6263,225.4981,28.3482,2550,138.2423,119.9350,193.3637,0.6203,240.8942,28.0907,39650,143.9117,121.2426,214.2560,0.5659,126.6915,28.2062,2950
2004,4,0.1000,Neutral,139.2546,116.4958,182.7939,0.6373,106.5292,26.8264,600,141.7976,110.6277,195.9663,0.5645,64.7877,29.1810,11850,135.7719,108.6056,209.5426,0.5183,23.9929,28.7269,1300
2004,5,0.1200,Neutral,134.1741,104.6126,157.6882,0.6634,101.3240,25.4619,25,128.9386,85.8223,178.8957,0.4797,2.7247,29.2327,19200,119.4531,78.4904,183.0339,0.4288,24.9002,28.1975,950
2004,6,0.2200,Neutral,133.9969,95.2982,141.2797,0.6745,99.0099,23.7295,0,111.5966,60.7784,165.8750,0.3664,0.6195,28.2887,16725,104.4621,56.3558,166.9746,0.3375,21.1341,27.4903,575
2004,7,0.3900,Neutral,144.3252,91.6806,141.4750,0.6480,83.1241,22.9715,0,96.7911,42.9536,188.2360,0.2282,0.4369,28.8779,31975,97.1158,45.4975,174.7784,0.2603,14.4273,28.0109,1575
2004,8,0.5400,El Niño,161.0631,92.4542,168.8794,0.5475,31.8390,26.2233,1025,65.9144,31.5557,226.0793,0.1396,5.0174,33.4289,136600,76.1100,34.7832,207.1121,0.1679,7.4082,31.8781,11850
2004,9,0.5800,El Niño,155.4196,85.4719,202.9920,0.4211,25.7169,29.0500,3025,34.3650,26.9462,256.7623,0.1049,0.7953,37.5563,422525,58.8247,27.1062,239.6865,0.1131,6.0288,34.7306,41875
2004,10,0.6100,El Niño,142.5890,91.6222,225.6060,0.4061,62.1513,31.4872,6250,55.4560,44.6731,247.4540,0.1805,81.8545,38.7299,233825,51.3049,30.6431,254.3780,0.1205,33.0446,38.2636,54575
2004,11,0.6400,El Niño,142.3740,110.2973,220.7718,0.4996,157.2728,31.6182,5150,71.0772,67.1605,226.8747,0.2960,149.1040,36.2695,40975,70.2078,56.2331,240.4045,0.2339,122.9948,36.7388,27075
2004,12,0.7100,El Niño,145.3281,109.9877,219.6395,0.5008,57.6532,30.9165,5450,94.0694,81.8360,205.5504,0.3981,124.9797,32.5100,28000,83.1042,73.0433,226.4400,0.3226,33.5088,33.9869,7950
2005,1,0.6200,El Niño,137.7377,104.6752,216.4840,0.4835,121.0746,32.2820,2850,110.2379,97.7749,194.1116,0.5037,211.6025,31.8570,1600,82.7480,74.7744,217.9142,0.3431,132.0573,34.3983,1600
2005,2,0.5500,El Niño,142.4540,123.3848,215.9972,0.5712,187.8383,31.2282,400,145.6418,124.7237,210.3637,0.5929,219.4835,29.1082,1000,120.1886,104.5103,223.6065,0.4674,174.0527,30.7817,0
2005,3,0.4000,Neutral,150.1692,124.4835,221.5313,0.5619,109.7201,29.0591,1575,129.3932,120.7850,196.0463,0.6161,242.1329,28.1024,8000,129.6457,110.5949,222.9056,0.4962,101.0266,29.9611,800
2005,4,0.3700,Neutral,145.3732,121.9773,193.8105,0.6294,149.6536,26.5794,0,147.4452,112.7854,195.3454,0.5774,74.8303,29.2627,10550,137.6812,107.6311,204.9932,0.5250,84.6311,28.5159,1175
2005,5,0.2700,Neutral,138.4025,106.5329,159.9334,0.6661,156.5772,25.1194,550,143.8221,90.7770,170.8024,0.5315,45.8988,27.4559,12075,135.8446,89.7653,175.0539,0.5128,64.8799,26.6068,775
2005,6,0.0900,Neutral,135.3305,99.2331,142.5428,0.6962,156.7894,23.9328,0,124.8090,70.7962,165.0391,0.4290,1.0213,28.1057,17675,115.1956,65.7242,166.7744,0.3941,37.1979,27.1074,2050
2005,7,-0.0400,Neutral,146.6827,91.9410,143.7704,0.6395,90.2450,23.9813,75,111.0503,48.4020,186.0920,0.2601,0.3744,29.4189,27550,104.3517,51.1071,173.6808,0.2943,26.5102,27.9058,3575
2005,8,-0.1400,Neutral,153.4524,95.6344,172.7630,0.5536,83.6827,24.7206,575,74.4340,35.4401,227.9510,0.1555,0.4688,33.2056,114825,83.1827,39.7504,207.4345,0.1916,20.1735,30.7955,8300
2005,9,-0.1100,Neutral,152.1399,98.6851,203.5745,0.4848,52.1534,27.9921,1375,41.3027,30.9751,258.7895,0.1197,25.5568,36.3813,280475,59.2614,31.8489,243.0132,0.1311,12.5403,35.0442,29250
2005,10,-0.2700,Neutral,140.5711,95.8290,235.1748,0.4075,33.4330,32.0761,26700,29.4048,34.1472,266.2548,0.1283,26.0517,39.9730,616025,43.8972,26.6454,261.3628,0.1019,12.7598,38.9052,162750
2005,11,-0.5700,La Niña,123.6843,107.7864,198.0951,0.5441,164.6607,30.5493,4775,84.9838,83.6452,188.0657,0.4448,233.3523,34.9323,60175,77.7395,63.5683,216.3626,0.2938,106.2066,35.5334,24650
2005,12,-0.8200,La Niña,137.5949,109.1663,195.3954,0.5587,125.6806,29.2647,975,97.9149,90.8300,161.8855,0.5611,264.6428,30.1937,8800,109.8146,88.7265,196.6810,0.4511,91.3591,31.6295,675
2006,1,-0.8600,La Niña,148.4150,102.0154,214.8960,0.4747,61.9914,28.6348,2400,144.6456,98.8902,200.8347,0.4924,40.3940,30.4567,9650,105.7733,76.4847,217.4675,0.3517,10.7549,31.9693,3500
2006,2,-0.8000,La Niña,129.0758,102.1178,244.5318,0.4176,34.7484,31.4541,9650,115.1121,106.8342,199.8769,0.5345,140.4288,30.6598,1600,81.4492,66.9159,237.0995,0.2822,80.4497,33.8705,4050
2006,3,-0.6300,La Niña,105.4282,103.9622,201.5502,0.5158,207.6358,29.8646,1425,122.4905,112.6622,189.8180,0.5935,261.6110,28.8379,0,104.5158,92.2543,209.0015,0.4414,179.9092,30.2744,350
2006,4,-0.4500,Neutral,122.0868,115.3177,173.7956,0.6635,151.9323,26.7498,0,124.6658,111.1976,171.4358,0.6486,143.2609,27.6069,6700,129.0389,114.9525,185.3167,0.6203,133.9788,27.0978,0
2006,5,-0.1900,Neutral,143.2831,108.5501,158.5472,0.6847,76.3485,25.8067,0,141.2273,93.6203,162.7474,0.5752,34.5071,27.8304,8675,144.2658,99.1102,172.6414,0.5741,31.8839,27.3807,525
2006,6,-0.0500,Neutral,132.6416,92.8424,132.6880,0.6997,166.0134,23.5036,0,146.7362,75.9915,160.3533,0.4739,1.7772,27.2423,12500,131.6658,69.9880,159.3316,0.4393,42.1423,26.4226,625
2006,7,0.1200,Neutral,152.9707,91.3740,145.8917,0.6263,64.3540,24.3641,1175,111.4647,52.0647,178.8833,0.2911,0.1370,29.4178,41425,113.4803,53.6627,170.7862,0.3142,22.7470,27.7782,2125
2006,8,0.3300,Neutral,157.5334,92.5273,173.5913,0.5330,57.4761,26.2970,2475,83.8739,38.8772,224.1357,0.1735,1.4837,33.3399,169025,87.2618,40.0400,207.4050,0.1931,11.9842,31.3454,9950
2006,9,0.5400,El Niño,155.2790,100.8844,199.5712,0.5055,74.2643,27.9969,900,66.2888,43.4042,232.7207,0.1865,30.0487,36.4722,214375,70.9427,36.9959,234.0989,0.1580,23.1519,34.7344,14975
2006,10,0.7100,El Niño,140.8572,114.4803,203.9935,0.5612,137.8428,29.8421,100,88.2772,75.2016,208.9248,0.3599,186.0956,34.3674,32725,73.2920,54.0305,228.1364,0.2368,98.9173,36.3961,20775
2006,11,0.8800,El Niño,156.3007,128.4257,217.6196,0.5901,209.6118,27.9208,175,126.8309,99.1388,219.0393,0.4526,194.0057,33.1714,6850,112.4080,96.2501,229.9697,0.4185,132.4358,31.6120,7650
2006,12,0.8800,El Niño,138.3493,116.3765,202.0629,0.5759,107.1286,29.6063,1525,108.2213,87.9897,203.2697,0.4329,150.1395,31.4529,36425,91.4062,79.0168,216.0322,0.3658,50.0266,33.0489,19000
2007,1,0.6200,El Niño,138.4285,110.5709,213.1987,0.5186,59.0220,29.7770,2650,100.8879,90.3336,206.3234,0.4378,140.6800,31.0713,14350,69.6208,61.9272,224.3309,0.2761,43.2652,33.7913,10050
2007,2,0.1900,Neutral,124.5262,110.8361,209.0768,0.5301,264.1591,29.4402,75,118.8389,107.9109,192.3254,0.5611,271.6580,29.5508,3325,86.0280,79.7785,212.9239,0.3747,273.8658,30.9326,250
2007,3,-0.1200,Neutral,179.1294,130.5861,233.4572,0.5594,88.0456,26.9834,50,156.4409,115.1465,227.4064,0.5063,42.9160,29.6053,15525,146.3710,110.5442,232.7639,0.4749,40.0509,28.0580,1325
2007,4,-0.3200,Neutral,128.1774,115.8412,192.2731,0.6025,141.5908,27.2297,0,106.4966,76.5558,208.8987,0.3665,47.6219,30.6129,20250,89.0125,77.6268,204.8893,0.3789,52.1773,29.9652,250
2007,5,-0.3400,Neutral,137.1144,106.8445,163.1877,0.6547,87.9979,26.1298,500,96.2605,54.5797,200.3013,0.2725,5.6813,31.0253,34150,95.1666,59.5428,190.3766,0.3128,24.4570,30.1928,1425
2007,6,-0.4100,Neutral,127.1261,86.5026,142.2098,0.6083,57.0649,24.7366,2125,80.9264,36.8417,188.8190,0.1951,0.5239,29.9421,63625,88.0730,42.0715,172.5961,0.2438,19.1684,28.5972,2275
2007,7,-0.4900,Neutral,128.3708,79.1056,146.7535,0.5390,64.8010,24.6128,2425,64.4561,28.8422,200.4169,0.1439,0.1920,31.5399,224225,78.0823,35.3531,181.2584,0.1950,17.5321,29.1440,4975
2007,8,-0.7700,La Niña,139.1782,81.8091,169.4000,0.4829,68.2796,25.1756,900,59.6782,25.0627,232.4422,0.1078,0.3529,33.9098,689975,76.8830,32.2557,207.3882,0.1555,16.3354,30.7508,32175
2007,9,-1.0500,La Niña,146.7638,87.8250,195.3230,0.4496,69.9058,26.9655,4725,31.2288,20.1540,263.5851,0.0765,1.3139,38.1928,1146050,60.9181,27.8501,234.6676,0.1187,15.0041,34.4199,171200
2007,10,-1.3800,La Niña,132.6525,90.5087,233.2854,0.3880,53.8103,31.9331,59250,3.0374,14.8862,281.9495,0.0528,23.5117,41.3878,599125,34.6937,21.1299,262.8971,0.0804,9.0619,39.3207,177900
2007,11,-1.5700,La Niña,118.7555,92.8723,213.4102,0.4352,128.7610,32.2175,31900,42.5335,45.9951,228.2957,0.2015,162.5282,37.5932,185575,51.0423,39.6865,232.4515,0.1707,87.9059,38.4882,162500
2007,12,-1.7200,La Niña,145.3375,99.9291,210.3178,0.4751,116.0300,30.0482,2250,100.2550,72.3004,196.3400,0.3682,139.0119,35.3866,22700,98.7728,69.0238,215.7118,0.3200,80.1946,33.4774,7425
2008,1,-1.7600,La Niña,139.7908,100.9589,207.3962,0.4868,84.5500,30.0029,4050,100.0337,71.2864,190.8951,0.3734,137.2004,34.3974,5100,84.3396,64.3738,210.3289,0.3061,69.7515,33.8630,11500
2008,2,-1.6100,La Niña,142.4223,112.3508,231.2121,0.4859,119.1791,30.4551,575,119.5116,103.2056,196.3617,0.5256,183.7859,30.9499,3900,97.4223,76.4301,231.9401,0.3295,120.1216,33.3454,850
2008,3,-1.3700,La Niña,127.3072,117.7983,214.2749,0.5498,135.0405,29.4386,275,128.4399,114.1034,183.7171,0.6211,202.7462,28.7898,5500,123.1815,100.3356,209.0774,0.4799,141.3907,30.2978,750
2008,4,-1.0500,La Niña,131.2094,116.5341,200.0447,0.5825,60.6735,28.2442,100,131.8310,106.7008,190.2330,0.5609,113.8867,28.5159,22575,139.2445,112.6771,201.4763,0.5593,90.8992,28.2012,1600
2008,5,-0.8500,La Niña,121.1146,93.6742,159.4044,0.5877,54.3383,26.6960,2225,125.1770,76.6241,171.9620,0.4456,8.1082,29.2392,9250,125.7519,81.1131,171.7712,0.4722,27.3502,28.4324,350
2008,6,-0.5600,La Niña,125.7794,86.8547,143.8642,0.6037,113.5800,24.8247,825,114.6082,54.7982,174.4878,0.3141,0.7170,29.1166,18475,111.0879,54.9649,165.9082,0.3313,24.2835,27.7525,100
2008,7,-0.3300,Neutral,139.6319,83.3381,146.9310,0.5672,70.8690,24.4061,4400,93.4730,36.9958,193.8714,0.1908,0.1870,30.2344,44400,96.2649,41.5810,176.9362,0.2350,20.0924,28.4476,175
2008,8,-0.2000,Neutral,139.9829,81.5262,173.0674,0.4711,47.7678,26.3615,2300,61.8573,28.5477,229.9839,0.1241,0.2944,33.9119,121400,73.2695,32.2783,208.4599,0.1548,12.3296,31.4900,5400
2008,9,-0.2500,Neutral,131.0409,83.8346,200.6878,0.4177,39.0001,30.6104,7725,22.0664,22.7247,255.8130,0.0888,24.8414,38.4535,266225,49.7134,26.4193,238.0878,0.1110,13.1405,36.2146,32775
2008,10,-0.3600,Neutral,130.3354,88.4948,236.8700,0.3736,38.2503,32.8434,16875,9.2620,19.1986,279.0857,0.0688,8.2024,41.3019,488725,37.0354,21.8748,258.5537,0.0846,9.0206,39.4035,199750
2008,11,-0.5700,La Niña,96.5806,98.5037,180.2297,0.5465,151.1324,33.4841,24475,72.3055,78.0400,166.6798,0.4682,277.1471,34.6281,124675,52.9952,47.9135,212.5643,0.2254,83.3284,38.3836,228725
2008,12,-0.7900,La Niña,136.7994,112.5376,195.6931,0.5751,153.7862,29.6746,0,104.8877,96.0881,172.8795,0.5558,215.2082,31.4943,3075,94.5032,75.9327,199.2316,0.3811,124.1600,32.0650,625
2009,1,-0.8900,La Niña,148.6620,118.1905,212.9806,0.5549,129.8328,28.1855,700,132.0120,107.0299,192.0345,0.5573,187.2593,31.4960,100,120.8447,93.0291,216.3794,0.4299,100.5281,31.8473,6050
2009,2,-0.8400,La Niña,158.8439,118.5431,236.0503,0.5022,67.3844,29.2590,500,149.9456,123.0986,207.6937,0.5927,113.5354,29.3608,1275,129.0530,95.0278,230.5490,0.4122,79.1643,31.3173,1025
2009,3,-0.6300,La Niña,117.9768,102.0395,216.2723,0.4718,79.2774,31.0396,2875,123.9987,109.4698,194.0984,0.5640,148.8732,29.3892,16750,110.8559,82.6314,219.5830,0.3763,84.9908,32.1455,2175
2009,4,-0.3500,Neutral,112.5995,110.6593,177.9421,0.6219,200.2293,27.8745,50,105.4231,104.9603,152.8953,0.6865,220.6754,28.3720,3575,103.7594,95.2406,184.9261,0.5150,152.4980,29.2607,0
2009,5,0.0300,Neutral,131.9882,108.4675,151.6114,0.7154,159.9335,25.1365,0,133.3124,98.1832,152.3528,0.6444,67.4809,27.1569,12675,130.2421,99.0049,160.7751,0.6158,59.3528,26.9196,2650
2009,6,0.3400,Neutral,135.2724,98.6681,142.7919,0.6910,85.2093,24.4310,0,135.0779,85.9848,158.1292,0.5438,24.2238,27.8879,11300,128.3264,76.6769,162.6761,0.4713,31.0977,26.9695,1825
2009,7,0.5000,El Niño,153.0417,97.9647,153.7203,0.6373,75.4206,24.7065,975,128.5139,65.9602,180.9646,0.3645,0.4906,30.5391,18375,110.0889,53.8317,174.8797,0.3078,18.8825,28.6613,800
2009,8,0.5600,El Niño,150.9963,94.8971,173.1440,0.5481,78.4026,25.9186,200,101.3507,49.0280,214.0451,0.2291,1.3206,33.6729,37850,85.5744,41.0512,203.6396,0.2016,16.4150,32.0516,1600
2009,9,0.6600,El Niño,151.2000,97.8927,210.9100,0.4641,42.6131,29.4192,1750,64.2043,41.9166,249.9423,0.1677,17.5381,37.6122,208300,56.6423,30.1549,242.5773,0.1243,6.8798,37.1842,44475
2009,10,0.9200,El Niño,124.8522,106.5342,193.8080,0.5497,172.8135,30.0012,1000,80.6391,84.0529,166.1974,0.5057,256.3051,31.7857,42975,80.3958,66.0046,198.9350,0.3318,179.9542,34.0950,11775
2009,11,1.3100,El Niño,155.8200,111.8122,236.0940,0.4736,36.4730,31.5061,6925,136.0970,106.0074,227.4358,0.4661,103.9664,33.4836,10475,106.6969,80.1686,241.8766,0.3314,20.5341,34.5281,5975
2009,12,1.5000,El Niño,111.9920,90.0634,200.1312,0.4500,42.7859,32.4833,8100,116.4166,98.9022,180.0113,0.5494,224.2540,31.3525,8050,80.4134,70.0270,197.7484,0.3541,89.6310,34.0529,425
2010,1,1.4700,El Niño,120.3380,91.3421,205.9678,0.4435,45.8986,31.7855,11050,140.5211,113.2502,193.2062,0.5862,93.5006,29.8622,6025,108.5586,86.6819,197.6019,0.4387,51.5173,31.4114,1200
2010,2,1.2100,El Niño,115.4587,92.6712,217.8071,0.4255,60.8955,31.7969,6000,143.5368,116.8024,221.4893,0.5273,100.5530,30.7821,8325,88.4120,69.5009,225.0972,0.3088,45.0070,33.7713,1100
2010,3,0.8800,El Niño,111.4208,111.0941,194.6647,0.5707,215.9952,30.3944,375,133.3163,122.7930,194.4025,0.6316,208.9116,30.1433,10900,106.6424,94.2707,209.8449,0.4492,142.4791,31.7342,0
2010,4,0.3800,Neutral,140.2495,123.0290,190.7746,0.6449,158.9729,26.8977,0,148.4581,113.2076,199.9036,0.5663,98.3503,29.5519,25100,129.8750,103.7572,204.6824,0.5069,119.6739,28.6301,750
2010,5,-0.1600,Neutral,128.4787,108.2271,164.4520,0.6581,61.9071,26.6567,0,122.7961,90.1989,179.0888,0.5037,20.7996,30.5262,11850,105.0909,70.7106,186.8224,0.3785,16.7498,30.5124,200
2010,6,-0.6600,La Niña,132.9334,91.0985,143.5969,0.6344,62.4571,25.6460,1050,121.9867,62.5446,172.1549,0.3633,0.2150,29.7233,25725,95.3406,49.0656,169.8131,0.2889,25.6212,29.3186,1525
2010,7,-0.9800,La Niña,134.8240,88.9923,144.8396,0.6144,153.4079,23.3895,500,105.7176,47.9063,184.7148,0.2594,1.2962,30.0439,92800,90.3302,43.0673,177.0306,0.2433,42.6032,27.9556,3075
2010,8,-1.2400,La Niña,146.7083,87.2893,167.2546,0.5219,49.3934,25.7112,825,84.1953,34.6356,221.0771,0.1567,0.2834,33.4460,397475,84.4895,37.5241,205.4648,0.1826,12.0194,30.9541,13475
2010,9,-1.4300,La Niña,145.8736,90.2572,203.3149,0.4439,52.5804,28.0891,4150,51.3622,28.9355,249.3151,0.1161,15.7273,38.5078,874625,61.5290,30.2099,236.9215,0.1275,12.8941,35.3840,50575
2010,10,-1.5400,La Niña,131.3345,98.3027,213.6471,0.4601,80.2926,32.3587,2475,61.0676,60.1363,206.2784,0.2915,112.1846,37.1592,414975,60.4385,43.4271,231.0420,0.1880,65.1895,37.1497,135050
2010,11,-1.5700,La Niña,128.5437,110.8548,218.0441,0.5084,126.5752,30.0638,775,97.6284,93.6102,189.6510,0.4936,204.9850,34.0794,45700,78.6873,67.0628,222.8480,0.3009,71.0103,35.1285,9775
2010,12,-1.4800,La Niña,122.1113,106.9524,201.4599,0.5309,109.6885,29.9170,875,109.3405,96.4250,173.5837,0.5555,183.3323,32.1324,34225,105.5558,89.2539,193.3975,0.4615,149.9640,31.8525,3200
2011,1,-1.2900,La Niña,133.3873,108.1353,203.8107,0.5306,94.2319,29.6755,950,132.4659,112.8467,177.2899,0.6365,173.4178,30.5026,3475,123.3571,97.2992,202.0473,0.4816,75.9124,30.9806,2350
2011,2,-1.0600,La Niña,147.4852,113.6687,233.6612,0.4865,54.8210,28.8553,1750,136.6786,122.9765,192.8369,0.6377,162.1830,29.3921,3075,120.8856,90.1430,215.7411,0.4178,83.1264,31.0542,1650
2011,3,-0.8500,La Niña,113.7527,112.2755,201.0956,0.5583,167.7996,29.6393,300,118.4922,120.5556,171.5120,0.7029,206.6410,27.8323,2975,118.4220,104.7847,203.8757,0.5140,156.2110,29.1217,1650
2011,4,-0.6800,La Niña,146.5040,125.6854,199.0460,0.6314,177.7036,26.7022,150,157.6947,124.8090,194.0543,0.6432,68.6895,28.4036,59400,147.5681,109.0622,212.4656,0.5133,62.6092,28.6213,225
2011,5,-0.5000,La Niña,141.9340,111.4917,161.5867,0.6900,65.2694,24.6144,150,145.1403,95.7367,166.4653,0.5751,13.0606,29.2168,20725,119.5284,77.0150,172.1229,0.4474,30.9474,28.2327,650
2011,6,-0.3400,Neutral,131.4035,93.3751,142.7904,0.6539,37.2438,24.8255,1025,124.9667,72.6541,164.5279,0.4416,0.5327,29.6367,28900,99.4325,50.2122,167.2089,0.3003,11.3978,29.5344,250
2011,7,-0.3700,Neutral,133.5231,84.0935,146.9962,0.5721,35.5819,24.8101,1200,111.0420,50.8243,183.3254,0.2772,0.9425,30.9328,52275,82.3642,36.0231,177.9282,0.2025,16.4388,30.0273,2350
2011,8,-0.5000,La Niña,149.2232,87.1525,174.7983,0.4986,21.6255,26.3133,4700,86.0516,37.6501,223.2097,0.1687,0.3967,34.6812,173075,69.4502,29.2812,210.5990,0.1390,8.6199,32.6586,10925
2011,9,-0.7600,La Niña,137.9840,83.8167,194.7615,0.4304,26.1602,28.9909,13625,57.4335,32.9319,235.8576,0.1396,1.3034,38.0292,877775,55.9878,25.4447,232.0072,0.1097,6.3933,35.2838,98200
2011,10,-0.9400,La Niña,131.2503,100.7135,192.9879,0.5219,95.1748,28.9367,300,88.4340,77.7895,192.0747,0.4050,152.5341,36.1146,109800,74.1111,53.1590,215.8164,0.2463,61.2823,36.1240,24300
2011,11,-1.0200,La Niña,148.9891,119.2812,209.2823,0.5700,156.1434,28.0212,400,118.9612,108.9049,188.2071,0.5786,231.8520,31.8574,23825,108.4859,84.8551,219.3758,0.3868,95.1699,32.8627,1750
2011,12,-0.9200,La Niña,139.8030,109.4372,198.1251,0.5524,120.5354,28.5571,400,125.3331,103.5738,182.2291,0.5684,236.4082,31.7036,3425,105.7089,78.5996,205.1630,0.3831,89.0937,33.4020,4550
2012,1,-0.7100,La Niña,133.5525,100.5737,200.6547,0.5012,44.3271,28.9298,700,112.1462,98.9864,168.4281,0.5877,171.6391,29.9454,6500,83.6962,62.7872,202.7306,0.3097,36.7149,32.7312,7525
2012,2,-0.5600,La Niña,150.3130,104.8394,230.1948,0.4554,61.0013,29.4981,2875,130.6141,110.9681,192.1975,0.5774,81.4715,29.7270,9425,95.0749,65.4697,217.1067,0.3016,61.6570,32.5652,1325
2012,3,-0.4400,Neutral,134.8679,102.0132,228.9861,0.4455,42.2636,30.4087,1700,122.8971,95.9046,206.2340,0.4650,75.5015,31.6894,31250,78.0087,52.4047,241.8369,0.2167,20.8518,34.9946,8325
2012,4,-0.3500,Neutral,120.4575,90.5464,201.3316,0.4497,10.0665,29.9297,3000,109.9788,79.1058,214.3121,0.3691,23.0280,32.6712,15975,53.3459,36.5666,228.5491,0.1600,4.3262,34.6341,3250
2012,5,-0.1800,Neutral,110.2258,82.3394,155.4121,0.5298,100.4051,27.4668,500,93.7216,58.6260,182.5607,0.3211,21.1457,30.9123,33050,54.0043,30.5345,190.5126,0.1603,20.4002,32.7633,2525
2012,6,0.0300,Neutral,120.1650,83.0792,145.3207,0.5717,51.1696,25.2627,1900,82.8931,40.7269,189.3439,0.2151,1.2068,31.4029,31825,59.4526,27.5956,173.8424,0.1587,13.1285,31.1758,125
2012,7,0.2800,Neutral,131.4271,82.8212,147.9972,0.5596,47.0381,24.3694,2475,71.1223,29.2584,205.3691,0.1425,0.5919,31.8575,138150,65.1760,26.3061,182.2759,0.1443,12.8523,30.3136,2375
2012,8,0.3900,Neutral,140.6581,83.2657,169.8909,0.4901,83.0799,24.9599,325,61.3829,24.5875,232.3239,0.1058,1.6668,34.2736,316225,64.1250,25.7721,205.9448,0.1251,18.7384,31.6686,9225
2012,9,0.3700,Neutral,143.1592,88.6790,202.4534,0.4380,31.5147,29.3375,3625,21.6759,16.4974,263.4336,0.0626,2.5753,39.3690,1300950,47.2413,21.2650,238.8233,0.0890,4.6204,36.7817,112825
2012,10,0.2800,Neutral,120.8989,90.3855,213.4866,0.4234,49.2106,31.8867,8125,28.8732,30.4269,243.5237,0.1249,30.8525,42.8502,372500,34.3996,24.0295,234.3774,0.1025,14.5980,40.5784,109400
2012,11,0.1300,Neutral,134.4190,109.0144,213.8684,0.5097,192.5948,31.0846,900,85.5224,91.6902,165.4095,0.5543,344.1536,34.6835,26525,83.2785,66.0909,211.0954,0.3131,159.9873,36.1115,8875
2012,12,-0.0300,Neutral,134.0114,100.9285,232.4058,0.4343,11.0669,32.1860,6150,113.0691,82.3076,218.7214,0.3763,56.0859,36.3514,22175,89.8089,63.0018,225.3511,0.2796,16.5324,36.3314,30725
2013,1,-0.2400,Neutral,115.5995,94.2037,204.5702,0.4605,136.2563,31.7517,4350,103.1194,90.8317,180.5714,0.5030,288.8290,33.3396,2300,72.4909,58.3547,198.8994,0.2934,138.4651,35.8141,4075
2013,2,-0.2800,Neutral,144.3290,107.6866,235.2485,0.4578,46.4809,30.4987,5150,157.7052,124.4588,225.4682,0.5520,47.4441,31.5502,11925,117.3633,78.7077,241.3055,0.3262,13.2525,33.6619,1975
2013,3,-0.2300,Neutral,123.0770,98.6082,229.7305,0.4292,30.9443,32.1094,10575,116.1413,102.3116,209.8802,0.4875,144.5611,32.1167,10450,71.9972,53.6118,238.5201,0.2248,39.9843,35.6031,5200
2013,4,-0.2000,Neutral,116.0909,102.4894,185.5962,0.5522,81.9385,28.2410,1425,123.4610,99.2852,186.4173,0.5326,109.2016,29.9862,6150,78.9522,61.0029,202.3505,0.3015,58.2281,32.1628,575
2013,5,-0.3000,Neutral,133.7872,105.2630,167.0100,0.6303,53.0446,26.7575,1850,120.1187,76.5786,184.4256,0.4152,9.3568,31.2741,5200,84.9121,51.2355,181.1086,0.2829,14.7947,31.4135,125
2013,6,-0.3800,Neutral,129.7054,97.5161,148.5359,0.6565,100.7614,24.9632,1125,97.4625,58.0865,176.0175,0.3300,6.0690,30.7706,17275,76.8217,39.6154,174.4422,0.2271,24.7368,30.6349,125
2013,7,-0.4500,Neutral,137.0336,92.7567,149.7880,0.6193,91.2990,24.9220,3625,82.8257,38.7293,196.7033,0.1969,1.1718,32.0895,19500,72.9292,34.6277,179.9520,0.1924,31.9631,30.6513,1175
2013,8,-0.3400,Neutral,148.1786,97.2526,170.4584,0.5705,100.5946,25.7850,850,65.0650,30.3664,224.6470,0.1352,1.3799,34.4996,41875,68.5450,33.2179,206.4007,0.1609,20.2393,32.6798,1325
2013,9,-0.3200,Neutral,148.6142,100.3052,206.0695,0.4868,73.1322,27.9934,3475,32.6190,24.4335,252.0553,0.0969,5.8253,39.3365,145300,47.9058,25.1680,239.3494,0.1052,12.1524,37.1286,48225
2013,10,-0.1400,Neutral,144.0244,103.7166,212.9221,0.4871,91.9965,28.9304,3400,64.9353,48.1984,226.3793,0.2129,70.6037,38.5782,115575,52.5313,31.2990,239.1053,0.1309,41.4531,38.1174,28025
2013,11,-0.1200,Neutral,142.1509,113.4895,226.5494,0.5009,144.7733,30.8037,500,91.3783,76.7270,214.0997,0.3584,186.3626,35.9569,6225,60.8842,47.2417,228.6915,0.2066,90.3915,36.9303,3225
2013,12,-0.1100,Neutral,101.5625,103.7565,168.1592,0.6170,217.1146,30.1927,175,93.3833,95.5352,150.1606,0.6362,335.0791,31.7376,850,76.0073,74.2563,169.0529,0.4392,210.7973,33.7783,200
2014,1,-0.2400,Neutral,167.9127,121.1679,209.7055,0.5778,57.8270,28.7202,375,139.1113,104.9821,185.0231,0.5674,59.4450,31.8761,4225,134.5240,91.6931,206.9217,0.4431,14.6724,31.5630,800
2014,2,-0.2100,Neutral,176.6407,122.6145,233.6379,0.5248,79.5641,28.6960,175,143.4264,112.9835,195.8355,0.5769,100.4323,30.2660,2475,125.5599,80.1137,226.0711,0.3544,54.3866,32.3890,100
2014,3,-0.0200,Neutral,148.4774,115.1751,213.4281,0.5396,106.5356,27.7950,350,132.6010,118.0895,183.9540,0.6420,161.1265,29.9206,10925,115.3832,81.9709,214.0056,0.3830,67.7014,31.7841,325
2014,4,0.2500,Neutral,129.6018,108.8840,200.1536,0.5440,61.1286,28.4163,475,137.5954,110.3993,196.7434,0.5611,92.7681,29.7977,14550,108.0855,79.3616,206.0020,0.3852,92.5044,31.3748,475
2014,5,0.3500,Neutral,127.5278,98.2098,164.9519,0.5954,66.8214,27.2506,3250,139.6824,93.1582,179.4811,0.5190,20.3206,29.7971,4325,109.2660,64.7232,184.2479,0.3513,30.6883,29.9248,225
2014,6,0.2200,Neutral,123.6140,90.1990,142.5730,0.6327,95.1084,24.7200,650,116.4230,64.5974,172.3646,0.3748,1.8772,29.9650,11900,88.4822,44.2776,171.2638,0.2585,17.7392,29.5892,125
2014,7,0.0700,Neutral,130.7382,88.7162,144.6210,0.6134,117.8388,24.0776,0,95.0226,48.0793,179.7517,0.2675,0.5731,30.7401,14025,76.7931,37.9528,177.7881,0.2135,30.3766,29.4221,1325
2014,8,0.0700,Neutral,149.9940,91.7770,176.4571,0.5201,36.3304,26.1676,550,72.1173,30.9449,228.0509,0.1357,0.2482,35.0947,40250,70.5425,32.6730,211.7269,0.1543,10.8722,32.1818,6450
2014,9,0.2400,Neutral,135.4406,85.5368,198.3293,0.4313,35.2902,28.6264,3525,52.9052,27.4084,258.9034,0.1059,5.5296,39.0816,257900,58.0603,26.6503,239.4177,0.1113,12.3142,36.3621,10400
2014,10,0.5100,El Niño,133.0314,91.8893,217.3683,0.4227,92.4054,31.2093,12175,49.7965,38.0316,241.5945,0.1574,66.2341,40.8856,457175,47.2214,26.6986,245.8223,0.1086,32.8696,38.8924,30775
2014,11,0.7000,El Niño,141.1724,113.3499,207.3104,0.5468,135.3040,30.2953,1200,97.5078,88.1949,186.9408,0.4718,223.9379,35.5399,43875,97.2588,72.0005,207.6137,0.3468,141.9416,34.3294,2675
2014,12,0.8000,El Niño,143.3890,109.4097,206.6098,0.5295,148.1969,29.1407,1325,114.4500,94.2677,175.2324,0.5380,195.7808,32.9906,32650,111.1622,81.6268,200.6967,0.4067,116.0943,31.5803,425
2015,1,0.7300,El Niño,143.8444,102.9668,219.9224,0.4682,30.2402,29.7603,2325,135.0173,94.1671,212.2114,0.4437,72.4423,33.7569,16000,102.2092,77.4935,217.3752,0.3565,20.5453,32.2755,4225
2015,2,0.6500,El Niño,126.1687,101.2655,225.1541,0.4498,107.1010,29.9684,1350,129.2754,109.1961,195.0921,0.5597,150.0548,31.2396,4250,95.7949,77.2851,214.3873,0.3605,117.2154,33.0158,125
2015,3,0.7200,El Niño,117.0259,108.4817,221.9103,0.4889,63.1659,28.9582,1975,128.0122,112.5865,193.6248,0.5815,134.5951,30.3155,10200,102.5011,77.6753,221.1251,0.3513,46.2919,32.4786,175
2015,4,0.8600,El Niño,105.2242,104.1278,190.6030,0.5463,103.4611,29.3506,1175,115.9520,103.3410,184.9366,0.5588,205.3060,29.6949,8450,87.6562,72.1091,203.9550,0.3536,103.9191,32.7141,0
2015,5,1.0400,El Niño,121.4830,101.1064,153.8390,0.6572,140.5906,26.1329,3075,142.9887,98.3449,173.0543,0.5683,22.7163,29.0579,7000,107.2067,70.3593,177.4032,0.3966,44.2422,29.6518,1550
2015,6,1.1900,El Niño,123.2206,96.6915,141.1779,0.6849,149.8031,24.2308,725,122.4541,71.6042,161.9523,0.4421,1.9809,29.6091,9950,92.2408,53.2450,160.4178,0.3319,38.4032,28.6525,475
2015,7,1.4400,El Niño,136.5133,94.6463,147.2145,0.6429,73.1818,24.2280,825,99.4073,48.7020,179.2406,0.2717,0.6269,31.2248,20225,85.4579,42.8806,176.8637,0.2424,24.4165,29.6479,1225
2015,8,1.7300,El Niño,150.8703,97.3028,174.1450,0.5587,63.5042,25.9386,2450,72.2951,31.7694,224.6384,0.1414,1.0220,35.2632,43225,71.2493,34.1076,211.8121,0.1610,19.8431,32.7383,18425
2015,9,2.0200,El Niño,143.4892,96.3688,215.9385,0.4463,17.7942,30.5514,12900,23.8537,20.2865,261.7929,0.0775,1.8830,41.5524,529625,44.6862,24.4572,248.1522,0.0986,4.1441,38.1202,298950
2015,10,2.2800,El Niño,125.4077,89.7657,236.3598,0.3798,24.1436,33.5648,19600,27.5224,26.9444,263.1278,0.1024,37.8564,43.4864,539325,35.1819,22.2091,263.2960,0.0844,12.0347,40.8273,143500
2015,11,2.4500,El Niño,89.8696,88.2031,223.1886,0.3952,30.2997,35.9891,24200,62.0924,63.9809,204.6760,0.3126,147.2506,39.4252,98725,34.9405,31.5804,245.2661,0.1288,48.6925,41.2404,44150
2015,12,2.5900,El Niño,95.5194,76.7749,213.2743,0.3600,19.5730,35.2071,64425,68.2959,54.6136,220.4763,0.2477,38.0133,37.9061,69100,39.0103,32.0506,230.3634,0.1391,11.8397,39.1485,37450
2016,1,2.5000,El Niño,78.9811,83.3241,171.4278,0.4861,250.4824,33.2847,3675,76.7508,86.1110,149.7616,0.5750,463.2875,31.5074,10300,63.2525,67.1889,168.8338,0.3980,393.7822,33.8029,2100
2016,2,2.2100,El Niño,149.5746,120.9107,246.3683,0.4908,27.3049,28.7887,5700,165.8256,121.1851,230.2847,0.5262,33.2508,31.7067,5275,157.5103,114.2620,238.8569,0.4784,25.4153,30.4620,575
2016,3,1.6900,El Niño,122.0626,98.2856,235.3253,0.4177,34.2647,31.6415,1275,119.5662,100.1438,230.9094,0.4337,71.5822,33.1462,6925,103.4657,83.9557,242.8176,0.3458,11.3582,32.6767,0
2016,4,1.1100,El Niño,105.8757,86.4544,198.9214,0.4346,29.9580,30.8004,1475,82.9952,67.6719,212.6808,0.3182,9.0183,33.4964,16000,69.8612,57.3143,216.2683,0.2650,9.3557,32.7325,1150
2016,5,0.5700,El Niño,100.2105,80.4783,159.3375,0.5051,58.2159,29.2782,3150,69.1521,47.1372,192.1813,0.2453,1.9023,32.8428,5475,62.6946,42.7608,187.2839,0.2283,23.9192,32.1502,25
2016,6,0.0900,Neutral,99.5596,76.8554,140.0084,0.5489,49.7753,26.9005,1375,68.3225,37.7331,185.6417,0.2033,3.8032,31.3042,19525,69.5138,38.7157,175.2312,0.2209,14.6735,30.4338,100
2016,7,-0.1900,Neutral,128.0572,83.1351,146.4629,0.5676,55.5738,25.6911,150,64.0901,28.2240,203.2872,0.1388,0.7077,32.8994,16050,74.9347,33.3423,184.2054,0.1810,10.0707,30.3833,775
2016,8,-0.3400,Neutral,136.6128,85.6230,171.1305,0.5003,52.9320,27.1197,425,37.2234,21.3073,234.9578,0.0907,1.6027,36.6177,60850,59.0244,28.0810,211.2105,0.1330,14.1381,33.9042,17325
2016,9,-0.4200,Neutral,134.1930,90.1374,199.2430,0.4524,56.0375,30.2550,825,29.6144,25.6978,234.9520,0.1094,26.8896,39.4401,135075,49.5537,27.4056,232.9395,0.1177,20.0241,37.3382,44175
2016,10,-0.5100,Neutral,144.9246,104.3468,230.7271,0.4523,95.4437,29.6761,650,48.8804,39.4456,256.7770,0.1536,70.5150,40.3850,50125,56.8705,34.3123,250.9197,0.1367,40.7540,37.9446,22850
2016,11,-0.4900,Neutral,122.6866,112.2372,215.3055,0.5213,146.4594,31.2379,725,94.4085,86.1939,186.0854,0.4632,163.4222,36.6706,46200,79.8769,64.8119,220.4231,0.2940,94.6940,37.5567,7225
2016,12,-0.3700,Neutral,125.7708,106.4310,212.1635,0.5016,69.8338,30.7134,925,118.5752,89.5398,192.7953,0.4644,110.9241,33.4619,9150,92.0098,64.9157,218.7791,0.2967,46.9646,34.7856,3550
2017,1,-0.0800,Neutral,131.9101,98.9537,228.9865,0.4321,16.3979,31.5325,975,102.2788,83.0084,204.8192,0.4053,76.1194,34.4415,2300,73.6047,51.5224,230.9449,0.2231,17.8831,36.1824,4775
2017,2,0.0800,Neutral,125.3509,94.1059,228.5957,0.4117,95.4935,29.8296,0,129.6465,115.3251,187.5611,0.6149,209.0611,29.8961,2125,80.2987,59.8694,217.6078,0.2751,78.0821,34.2268,50
2017,3,0.2700,Neutral,111.2588,98.9608,221.7265,0.4463,112.6526,30.7950,0,131.8733,110.4166,201.3782,0.5483,150.2258,31.2725,18525,88.1497,61.2086,222.8312,0.2747,79.9727,35.2896,1550
2017,4,0.3200,Neutral,130.3380,109.6741,199.6676,0.5493,92.4676,27.4576,0,139.7765,105.9731,204.3580,0.5186,54.6634,31.2280,6325,99.9276,68.8532,209.9655,0.3279,52.2286,31.7188,325
2017,5,0.3500,Neutral,126.8522,107.1381,166.6171,0.6430,82.4595,26.2889,0,120.3385,74.1308,189.8423,0.3905,16.6735,31.5847,10375,81.6005,48.7685,190.4555,0.2561,28.4637,32.3009,500
2017,6,0.3200,Neutral,127.9068,95.2790,150.2562,0.6341,85.7076,25.0049,0,97.8212,45.5155,187.8791,0.2423,1.1301,31.0016,6825,76.8570,37.0316,174.8527,0.2118,25.6442,30.2936,0
2017,7,0.1400,Neutral,127.5524,84.8144,139.4873,0.6080,92.7004,22.8579,625,95.5835,34.4450,191.4938,0.1799,5.2087,30.0942,6600,80.2979,33.1747,178.0385,0.1863,32.2172,28.4539,2675
2017,8,-0.0700,Neutral,149.9840,92.2802,171.6106,0.5377,32.6471,25.2863,1700,53.6807,23.7101,233.1880,0.1017,0.9394,35.9587,63975,63.3974,27.4145,213.3234,0.1285,7.8191,33.3519,7200
2017,9,-0.2300,Neutral,146.0235,92.7050,197.2265,0.4700,72.7057,26.4343,300,42.2376,21.5881,253.5824,0.0851,2.1600,39.2185,108225,61.7060,26.7476,236.7777,0.1130,36.1409,34.7296,10650
2017,10,-0.4400,Neutral,132.0946,97.9636,219.5007,0.4463,21.0724,29.9761,2125,19.6389,28.5968,242.4446,0.1180,17.3443,42.1845,302200,42.2028,27.0995,244.1665,0.1110,10.5854,39.3258,77475
2017,11,-0.6100,La Niña,122.1645,107.8231,209.9507,0.5136,114.8110,31.0691,700,91.9629,81.2857,191.2537,0.4250,152.6663,36.1149,17500,73.2910,55.7020,222.9052,0.2499,81.9726,37.9873,4175
2017,12,-0.7600,La Niña,121.4368,105.0439,191.9733,0.5472,141.7177,29.5919,25,108.3088,90.2231,176.4929,0.5112,154.5464,33.4010,10250,81.9851,61.8456,204.2074,0.3029,77.7016,35.2185,850
2018,1,-0.7100,La Niña,148.9676,109.2338,226.6513,0.4819,50.4282,30.4501,1400,128.8096,98.5627,206.4154,0.4775,122.9015,32.4800,25,77.7279,57.5447,227.4679,0.2530,57.4675,35.0169,0
2018,2,-0.6700,La Niña,133.5600,113.9063,227.8218,0.5000,112.6336,29.3776,3375,140.4540,119.4782,194.5646,0.6141,228.2245,28.3552,9100,106.9772,80.9386,216.4868,0.3739,135.4162,31.9658,0
2018,3,-0.5500,La Niña,129.3485,116.2040,208.8790,0.5563,99.9355,29.3858,1150,141.0566,120.3985,196.6263,0.6123,175.6036,29.3717,25225,131.4020,103.3198,209.5864,0.4930,114.0099,30.6443,0
2018,4,-0.3500,Neutral,143.0091,112.5524,190.4263,0.5911,108.4573,26.4443,800,146.6212,114.5274,184.1806,0.6218,82.1325,29.4562,4375,132.9883,90.1162,199.7589,0.4511,40.0045,29.8049,225
2018,5,-0.0700,Neutral,139.3573,106.7449,163.3507,0.6535,90.1332,25.5322,0,146.6775,83.9937,179.1089,0.4690,3.3549,30.5082,1600,108.0424,59.8316,183.0038,0.3269,24.6901,30.2372,575
2018,6,0.1300,Neutral,131.8158,95.8664,145.6270,0.6583,85.1982,24.1388,0,118.4909,59.2636,169.6960,0.3492,2.5106,30.4869,6825,90.9069,43.7168,168.7262,0.2591,28.4974,29.3319,1375
2018,7,0.2000,Neutral,145.9190,92.5498,153.8243,0.6017,43.7199,24.2939,1375,95.5915,38.7985,189.2872,0.2050,0.2803,31.9926,5600,75.6141,30.1032,183.8360,0.1638,7.1723,30.5151,950
2018,8,0.3000,Neutral,134.5931,89.8357,175.1210,0.5130,35.1284,26.2973,600,65.0600,32.9635,218.9100,0.1506,8.6819,35.5499,25325,54.8709,24.8875,213.1772,0.1167,7.9638,34.2323,8575
2018,9,0.5200,El Niño,136.6724,89.5952,210.3281,0.4260,25.5006,30.3308,10250,31.0801,24.3709,258.5594,0.0943,3.1826,39.9454,114400,40.4188,20.5377,246.8361,0.0832,4.7865,37.7707,33375
2018,10,0.8200,El Niño,103.9715,90.0809,204.2599,0.4410,62.6684,32.9834,10250,53.4946,59.3647,200.8754,0.2955,112.2505,38.7457,118475,40.6049,31.6778,236.8189,0.1338,43.5458,40.5242,28400
2018,11,1.0400,El Niño,121.2457,108.5406,201.1738,0.5395,134.8443,28.6211,400,110.1548,99.1288,186.1657,0.5325,214.2044,31.9292,20350,78.2490,65.0523,209.9306,0.3099,68.9583,34.0403,1525
2018,12,1.0500,El Niño,125.6454,111.5092,197.4299,0.5648,150.9369,29.6487,300,116.7892,97.6648,182.5963,0.5349,171.3843,31.2924,21500,106.0316,82.7281,199.3708,0.4149,134.5774,31.9434,450
2019,1,0.9900,El Niño,137.5977,102.0270,221.1908,0.4613,16.7816,30.3292,950,124.8368,102.3229,196.7900,0.5200,41.7172,31.6453,7375,85.4870,65.9002,215.2949,0.3061,13.3259,33.9063,3375
2019,2,0.9400,El Niño,115.9743,98.1792,241.7532,0.4061,40.3977,32.5597,8675,131.0066,112.6735,214.7505,0.5247,151.2525,31.9105,4900,78.3853,63.6158,231.4964,0.2748,96.9873,34.6206,1375
2019,3,0.8700,El Niño,90.4925,93.0375,204.9091,0.4540,130.5456,31.7951,11650,124.3213,118.1333,191.4179,0.6171,253.6399,30.0570,7925,92.5266,77.5376,218.0915,0.3555,143.6668,33.1451,475
2019,4,0.8200,El Niño,138.1798,124.7727,203.9052,0.6119,101.9859,28.5013,275,143.2932,115.3192,198.8468,0.5799,101.9304,29.5409,10525,131.1571,100.6512,210.2103,0.4788,71.4906,29.8982,625
2019,5,0.7100,El Niño,126.8781,115.9124,173.7901,0.6670,59.5326,27.3313,1750,137.0799,92.9376,183.8433,0.5055,29.9280,30.9301,5300,104.8418,67.7268,184.3736,0.3673,23.9042,31.4539,750
2019,6,0.5900,El Niño,125.4611,93.7121,146.2167,0.6409,83.6008,25.4183,1200,126.6644,64.7427,170.4504,0.3798,1.3640,29.9515,4700,96.1937,47.5003,167.9286,0.2829,32.8144,29.6160,1550
2019,7,0.3800,Neutral,128.1361,88.7246,147.2011,0.6027,76.1902,25.0194,50,98.3228,43.1020,189.2934,0.2277,0.9152,31.5525,17450,82.3890,38.4937,181.9362,0.2116,26.6531,30.4051,1300
2019,8,0.2000,Neutral,151.6691,97.1140,170.7045,0.5689,74.0570,25.6124,525,78.1691,35.4446,216.6789,0.1636,1.7618,34.7165,58025,74.9706,34.9856,207.7682,0.1684,22.0885,31.9550,5200
2019,9,0.3100,Neutral,152.9456,101.3786,206.4777,0.4910,57.4640,27.9784,1425,44.2305,27.7626,251.5561,0.1104,12.8391,39.5289,207375,54.7104,28.4320,243.3144,0.1169,17.6812,36.4633,13650
2019,10,0.5100,El Niño,133.4715,100.5596,234.2750,0.4292,50.1045,31.5637,9250,43.3435,36.9550,255.0726,0.1449,53.0562,41.5460,139200,40.7434,27.1921,255.6926,0.1063,26.8962,40.1996,38350
2019,11,0.7200,El Niño,118.6190,104.1317,231.9219,0.4490,67.7178,33.9792,16500,72.9269,72.8937,214.9503,0.3391,127.9072,37.3679,57825,47.2758,36.4659,247.7831,0.1472,41.9125,40.4421,25100
2019,12,0.7500,El Niño,121.5565,97.6453,222.3615,0.4391,65.6779,30.9215,2150,81.9483,68.8957,212.1479,0.3248,70.3631,35.4854,40000,45.2675,34.1861,231.0997,0.1479,34.3412,38.2576,3100
2020,1,0.7100,El Niño,111.6857,102.1160,200.1087,0.5103,143.4494,30.2785,1850,111.1953,94.9026,187.7869,0.5054,287.8707,31.9275,500,79.3289,67.1241,194.3794,0.3453,186.7359,33.9043,625
2020,2,0.6600,El Niño,134.5566,120.9387,226.2220,0.5346,36.9546,30.6982,5500,133.0080,123.0068,195.6306,0.6288,170.5006,30.4794,1075,130.0876,108.7134,214.2938,0.5073,74.3955,31.2470,575
2020,3,0.5700,El Niño,112.9185,114.1231,196.7498,0.5800,190.8692,28.9909,575,116.3478,116.3762,174.4388,0.6671,279.5107,28.4870,48375,113.5450,107.5502,197.1445,0.5455,205.3584,29.7582,250
2020,4,0.3300,Neutral,138.9033,126.3315,193.4033,0.6532,171.0197,27.6888,0,135.8324,120.3409,183.9675,0.6541,146.4536,29.3846,14575,142.6554,120.4036,201.3924,0.5979,123.5859,28.3156,225
2020,5,0.0400,Neutral,134.2821,115.7955,161.0056,0.7192,111.8817,25.4718,0,145.4970,105.9568,167.6261,0.6321,31.3300,28.3165,11325,139.7319,107.9281,177.1691,0.6092,47.2890,27.0989,550
2020,6,-0.1800,Neutral,141.6425,105.7798,150.2039,0.7042,67.9848,24.5829,2825,151.1364,87.0021,165.1354,0.5269,2.2819,28.3411,12850,138.2950,80.4805,167.7947,0.4796,36.9385,26.7673,425
2020,7,-0.2900,Neutral,154.5303,100.8565,152.1515,0.6629,57.5674,23.8928,0,129.3433,61.8504,172.7211,0.3581,0.7126,29.5623,14475,115.4159,56.5389,172.0321,0.3287,32.7664,27.3423,2725
2020,8,-0.4300,Neutral,160.7843,101.8861,170.8631,0.5963,53.5042,24.4373,1200,100.5695,46.1568,212.6598,0.2170,1.0384,33.6396,47600,94.5368,46.6268,204.2588,0.2283,19.4713,30.2418,4525
2020,9,-0.7700,La Niña,163.4459,99.9701,211.8126,0.4720,28.3416,28.3701,1975,56.4126,33.2589,252.1245,0.1319,4.1792,38.9926,118425,66.4375,34.4284,241.6821,0.1425,11.9175,35.1415,39575
2020,10,-1.0000,La Niña,113.7231,106.1791,195.1021,0.5442,110.9577,30.4008,8050,59.0083,60.8918,197.7326,0.3080,98.2948,39.7573,423100,49.1932,45.9234,226.4545,0.2028,64.6789,38.4284,123500
2020,11,-1.1100,La Niña,158.9291,127.3553,226.4603,0.5624,143.5260,28.8086,0,119.4836,99.7203,214.9076,0.4640,184.8478,33.6530,33700,115.2409,100.4932,231.9175,0.4333,161.6389,30.9398,150
2020,12,-1.0600,La Niña,160.2926,121.0091,234.1872,0.5167,24.4117,29.5635,275,118.3799,95.6047,221.9091,0.4308,102.8460,34.2283,10450,91.7802,85.3593,236.7550,0.3605,15.2766,32.5865,4250
2021,1,-0.9900,La Niña,143.7253,103.5387,224.6370,0.4609,53.4475,29.6128,1325,129.5735,103.3085,222.2070,0.4649,118.2898,31.8383,2925,75.4736,69.2335,228.8373,0.3025,50.5572,32.8956,5500
2021,2,-0.8500,La Niña,122.0704,105.3506,212.0784,0.4968,78.3479,29.9363,1350,127.3835,113.7485,201.5446,0.5644,249.5516,29.8852,6700,86.4771,78.3583,218.2045,0.3591,116.3057,32.5720,250
2021,3,-0.7400,La Niña,130.9141,108.4047,231.6974,0.4679,26.4486,30.6918,6725,131.3536,105.4638,215.4323,0.4895,57.0582,29.9928,28375,94.4134,77.3637,239.4985,0.3230,18.6199,32.4448,3750
2021,4,-0.5600,La Niña,116.2416,102.8300,186.9418,0.5501,108.9475,29.6059,2825,105.6911,89.0662,186.6316,0.4772,129.1754,30.5203,15850,85.7869,68.4636,198.1459,0.3455,98.4167,31.6728,1300
2021,5,-0.4000,Neutral,121.9457,98.6442,162.5002,0.6070,27.1104,26.9420,2400,110.7702,66.4930,182.3730,0.3646,0.8986,30.0625,7400,92.6354,61.5861,184.9377,0.3330,14.8572,29.9117,3800
2021,6,-0.3100,Neutral,116.5210,82.7885,143.3250,0.5776,43.7192,24.5776,1425,92.4194,47.3900,179.1035,0.2646,1.3549,30.1110,15625,78.3024,40.8817,175.9965,0.2323,12.5886,29.4558,3675
2021,7,-0.3500,Neutral,120.9511,77.0612,144.5529,0.5331,57.0022,25.9046,2225,79.0526,33.3662,196.4810,0.1698,0.6984,31.1998,25750,76.6207,36.0781,183.9987,0.1961,28.4764,29.9948,8975
2021,8,-0.4600,Neutral,132.0246,79.9077,167.8834,0.4760,42.7344,25.6444,875,63.4821,28.2425,222.9235,0.1267,1.2133,34.5030,163175,72.9987,32.5590,210.0499,0.1550,16.0380,32.0849,24900
2021,9,-0.6400,La Niña,127.3496,88.4653,213.0390,0.4153,32.5672,30.6773,7200,6.9140,15.9752,262.5397,0.0608,4.1192,40.7382,741000,42.4019,23.9440,246.6504,0.0971,3.1363,37.5579,223350
2021,10,-0.7700,La Niña,111.4732,96.8221,201.3508,0.4809,90.3669,30.3120,11325,46.8447,46.0221,214.5536,0.2145,96.5092,38.8749,283550,44.8707,38.6939,226.2289,0.1710,71.8032,38.3254,238025
2021,11,-0.9100,La Niña,139.1046,125.8333,206.4592,0.6095,185.2916,28.7671,475,112.4123,104.5195,193.8349,0.5392,226.6870,33.1292,5275,111.2840,98.1988,219.6230,0.4471,168.0466,31.7556,200
2021,12,-0.8300,La Niña,123.3948,118.1455,180.1444,0.6558,386.0143,27.6434,0,99.2030,101.5012,155.1941,0.6540,426.7546,29.1029,0,107.7479,99.0133,183.8738,0.5385,291.3157,29.6290,0
2022,1,-0.7600,La Niña,151.1328,114.4473,204.8164,0.5588,91.0464,28.3674,0,134.7881,114.7998,174.8332,0.6566,206.0885,28.2083,1550,142.1538,110.0323,204.6756,0.5376,108.7796,28.4126,675
2022,2,-0.6800,La Niña,146.2795,120.1200,216.0202,0.5561,61.4430,29.1090,100,146.2090,125.9784,199.6266,0.6311,157.9377,28.5695,20850,135.8298,110.5182,222.2778,0.4972,61.4947,29.0485,1200
2022,3,-0.7700,La Niña,159.4006,124.3349,222.1511,0.5597,99.5318,27.1420,0,167.3664,129.8125,216.9268,0.5984,68.3965,30.4321,33050,138.3641,101.4641,227.2333,0.4465,62.6648,28.8776,925
2022,4,-0.8600,La Niña,135.4910,114.8382,197.6644,0.5810,106.3539,27.7022,1975,144.0779,102.4785,208.6056,0.4913,48.2092,31.2699,13875,107.1788,78.4097,213.8607,0.3666,57.7407,30.2616,2500
2022,5,-0.8300,La Niña,131.7111,102.7227,162.2834,0.6330,44.6947,25.5860,2625,125.4630,70.9985,180.5089,0.3933,3.7294,29.8757,10950,94.7500,57.7655,181.5166,0.3182,15.5536,29.0113,800
2022,6,-0.7300,La Niña,131.5401,89.8218,148.8116,0.6036,22.2720,24.8622,1275,100.2860,48.4677,175.5820,0.2760,0.2651,29.8696,13100,85.8919,43.2092,175.6905,0.2459,15.9237,28.4035,1925
2022,7,-0.7000,La Niña,130.4395,81.0517,148.6791,0.5451,65.1658,23.8658,300,89.1673,38.5099,191.6562,0.2009,1.0983,30.1586,29475,80.9318,35.1849,183.4650,0.1918,29.4536,28.1600,3550
2022,8,-0.7800,La Niña,134.0317,81.7841,166.2832,0.4918,43.2348,25.5611,1525,70.7497,29.2404,223.4133,0.1309,0.3431,33.5324,74600,72.9901,31.2517,210.9775,0.1481,18.0066,30.7933,28450
2022,9,-0.8700,La Niña,138.0261,92.3055,205.4075,0.4494,35.5644,29.0650,875,34.5768,26.0368,247.4626,0.1052,22.0176,38.4380,201750,52.8752,27.9700,244.3134,0.1145,9.2896,35.9679,52975
2022,10,-0.8900,La Niña,132.0442,95.2811,212.5949,0.4482,49.8923,28.7749,1025,51.0076,44.6716,228.6782,0.1953,40.0382,35.5504,293375,55.3192,36.9364,232.4202,0.1589,23.0186,37.1072,125725
2022,11,-0.8200,La Niña,112.1597,108.4415,175.1424,0.6192,252.6554,28.3527,225,101.9811,99.8417,166.3469,0.6002,308.8036,30.8322,11475,108.3184,92.6661,194.7479,0.4758,231.7824,30.1072,0
2022,12,-0.7000,La Niña,125.1141,109.4292,173.2742,0.6315,257.8547,27.6883,100,110.5428,104.6454,161.1767,0.6493,245.5946,29.7678,4050,126.3582,103.8672,193.9561,0.5355,189.0139,28.5921,600
2023,1,-0.5500,La Niña,159.6314,122.7509,201.9253,0.6079,88.0813,27.3623,100,140.8879,117.2748,185.6843,0.6316,203.7327,28.7090,6525,140.7608,106.3529,210.3156,0.5057,91.9237,28.2352,1750
2023,2,-0.3300,Neutral,175.9883,125.6731,237.8721,0.5283,42.3460,28.4133,675,179.1981,136.9073,228.9148,0.5981,39.8690,29.5012,14275,137.1435,102.3110,247.0045,0.4142,25.4505,30.0305,325
2023,3,-0.1100,Neutral,162.2011,117.0984,229.6951,0.5098,66.3180,27.3224,125,140.5427,117.3411,198.8415,0.5901,118.3996,30.0159,18050,110.6402,81.0754,229.0247,0.3540,68.3474,30.3314,1000
2023,4,0.1900,Neutral,129.2168,114.7308,195.6199,0.5865,120.8549,27.5728,675,136.6678,101.0440,196.3873,0.5145,62.9802,30.1957,9125,102.5632,76.3607,210.8876,0.3621,41.2318,29.9888,1125
2023,5,0.4600,Neutral,131.9808,104.0803,161.8748,0.6430,67.7027,24.7724,925,136.5213,88.7802,179.1410,0.4956,20.6235,28.9246,15600,100.8068,66.5668,178.0639,0.3738,51.8771,28.0136,1525
2023,6,0.7300,El Niño,134.9036,93.9908,146.0301,0.6436,51.7528,23.8514,1675,115.6054,62.6494,172.3263,0.3636,0.9610,28.9298,17000,92.0555,48.3316,171.3387,0.2821,22.4815,27.7558,1550
2023,7,1.0000,El Niño,132.1512,86.4808,147.8307,0.5850,49.9128,23.9738,400,89.1850,40.9886,189.4176,0.2164,1.1156,30.1030,20550,78.2411,36.5250,183.7009,0.1988,15.5573,28.7935,10675
2023,8,1.2500,El Niño,136.9226,88.0487,176.7802,0.4981,38.2334,26.2186,1625,62.0203,30.7582,218.3860,0.1408,16.4325,33.4360,66125,58.8290,27.5010,215.6897,0.1275,14.1969,31.9381,6200
2023,9,1.5000,El Niño,142.1113,92.8065,210.9534,0.4399,27.4001,28.1773,1725,33.3810,27.4977,252.3079,0.1090,10.5787,37.8655,159200,42.4103,24.0841,248.0280,0.0971,10.8124,35.6051,59775
2023,10,1.7400,El Niño,119.6809,87.9519,226.6746,0.3880,23.2603,31.8641,7150,38.8737,39.7086,242.7275,0.1636,34.2868,38.7774,227175,34.8890,24.1654,256.7722,0.0941,7.6566,37.7768,118350
2023,11,1.9000,El Niño,113.2444,86.4963,250.1933,0.3457,15.3486,33.8259,39275,38.7775,41.8953,265.3821,0.1579,63.1480,37.6915,31450,28.4703,29.9254,264.8006,0.1130,37.0456,38.1635,24100
2023,12,1.9900,El Niño,90.8254,78.6463,217.1317,0.3622,85.7138,32.8790,16775,40.7580,46.3767,221.4696,0.2094,94.1158,35.6335,18825,32.8023,31.7306,222.0613,0.1429,55.9401,36.2147,15925
2024,1,1.8400,El Niño,91.1168,90.5586,205.5047,0.4407,273.6038,30.6851,3725,96.8224,91.2835,192.0975,0.4752,272.0337,31.9217,6900,73.8420,65.5133,210.2518,0.3116,225.8716,33.1115,1875
2024,2,1.5300,El Niño,130.7425,117.0616,207.5999,0.5639,177.7887,27.7850,0,130.8513,118.0541,199.3592,0.5922,200.2543,27.9214,10450,121.7954,102.3041,215.2568,0.4753,162.1859,28.5250,50
2024,3,1.1800,El Niño,132.1963,123.8018,235.8650,0.5249,69.6629,28.3482,0,140.0120,116.4082,232.8266,0.5000,97.4008,29.5964,46200,125.0176,113.7391,243.8622,0.4664,46.0212,28.8499,5000
2024,4,0.7700,El Niño,136.5176,122.5515,200.0542,0.6126,142.2440,26.3951,0,130.1207,104.1081,205.7343,0.5060,89.9142,29.2096,14825,115.8023,103.0055,210.7177,0.4888,83.6508,27.6384,200
2024,5,0.4300,Neutral,131.2950,108.8932,175.2921,0.6212,48.6356,25.9982,0,105.0346,69.6544,193.8739,0.3593,2.0889,29.5331,7775,108.9349,74.3615,189.3161,0.3928,22.5076,27.7851,525
2024,6,0.1800,Neutral,132.6019,96.7646,150.3128,0.6438,86.5150,23.7557,550,89.2582,44.1601,183.8388,0.2402,3.8901,28.2009,9575,96.3152,51.7149,173.3166,0.2984,35.8393,26.3553,3900
2024,7,0.0600,Neutral,130.6866,82.3295,150.9018,0.5456,34.6308,23.6465,600,79.3255,32.0156,196.4249,0.1630,0.6758,28.7416,14200,90.4490,37.7941,183.2316,0.2063,15.0394,26.4129,4400
2024,8,-0.0400,Neutral,144.8861,89.6206,175.5784,0.5104,45.9278,24.8303,1550,48.2179,23.1336,228.7685,0.1011,1.6479,32.3251,98175,70.6383,30.3009,212.2694,0.1427,16.8086,29.5603,16075
2024,9,-0.1200,Neutral,142.8133,87.7044,211.5537,0.4146,18.9709,27.2700,1700,20.0658,16.4084,256.7140,0.0639,0.5446,36.3239,415250,57.0734,24.8506,245.4520,0.1012,2.8441,32.6424,21500
2024,10,-0.1900,Neutral,117.9204,89.8158,215.4577,0.4169,46.3587,29.9619,1750,30.5643,32.2698,228.8901,0.1410,118.4648,35.7976,252550,41.3372,31.8823,248.2231,0.1284,42.1722,35.3626,28000
2024,11,-0.2900,Neutral,134.9953,105.8382,228.2082,0.4638,144.7655,29.0111,1025,94.9361,83.4999,219.4646,0.3805,206.1344,31.9762,53125,71.1503,66.8253,238.0600,0.2807,102.6643,32.7289,2475
2024,12,-0.4300,Neutral,120.8973,98.5217,226.0377,0.4359,27.8037,28.9876,4175,83.2495,85.0017,202.1269,0.4205,120.6283,30.6188,2050,57.8838,61.3628,231.7359,0.2648,30.5499,32.6396,9600
2025,1,-0.4600,Neutral,116.5939,101.2296,202.4796,0.4999,114.8697,28.3637,850,113.1227,102.0424,192.8818,0.5290,216.5941,27.9251,3625,82.6815,69.8028,211.8512,0.3295,131.9072,29.6499,450
2025,2,-0.2200,Neutral,162.5584,108.0214,244.0271,0.4427,51.4994,26.5991,0,138.6054,106.7813,230.0279,0.4642,57.5989,27.6365,10400,111.0613,85.5591,246.8461,0.3466,24.3758,28.4504,100
2025,3,-0.0800,Neutral,139.0962,105.3423,230.9426,0.4561,51.6546,26.3057,0,78.5307,68.0898,233.0912,0.2921,69.2327,29.3642,18400,69.7134,55.7865,242.0113,0.2305,20.3321,29.7880,2025
2025,4,0.0200,Neutral,113.4156,101.9140,197.4758,0.5161,86.2296,26.4468,0,90.1775,77.3947,208.0822,0.3719,72.2860,28.1957,2625,68.4308,57.1771,217.8298,0.2625,56.6659,30.3743,225
2025,5,-0.0400,Neutral,142.6149,104.0607,160.6404,0.6478,127.9292,23.6382,1975,117.6235,68.4502,186.9037,0.3662,25.3051,26.3517,14750,107.1164,60.4812,182.2066,0.3319,80.2584,26.6377,1075
2025,6,-0.0200,Neutral,143.5284,89.6347,143.9232,0.6228,40.7939,22.5139,1350,84.7022,38.7588,184.7737,0.2098,0.7070,26.2287,17800,89.0810,39.7323,173.1551,0.2295,23.4950,25.7821,2075
2025,7,-0.1100,Neutral,153.7669,87.1631,144.2506,0.6042,37.7792,22.0856,3000,79.4404,27.2678,195.9982,0.1391,0.6790,27.1017,39725,87.3908,33.1813,179.3899,0.1850,14.2213,25.8838,4625
2025,8,-0.2600,Neutral,150.5593,80.9974,171.5607,0.4721,32.4958,22.7813,825,50.3767,20.8007,231.2444,0.0900,2.3065,29.3503,114375,70.8081,25.9622,212.3732,0.1222,13.7302,27.6707,25375
2025,9,-0.4300,Neutral,150.3856,79.0542,207.2800,0.3814,33.4725,25.1683,2725,19.3704,15.7058,263.2997,0.0597,4.0557,33.5595,330000,54.9840,21.0891,246.1377,0.0857,10.4799,30.8077,69175
